지점,일시,평균기온(°C),최저기온(°C),최저기온 시각(hhmi),최고기온(°C),최고기온 시각(hhmi),강수 계속시간(hr),10분 최다 강수량(mm),10분 최다강수량 시각(hhmi),1시간 최다강수량(mm),1시간 최다 강수량 시각(hhmi),일강수량(mm),최대 순간 풍속(m/s),최대 순간 풍속 풍향(16방위),최대 순간풍속 시각(hhmi),최대 풍속(m/s),최대 풍속 풍향(16방위),최대 풍속 시각(hhmi),평균 풍속(m/s),풍정합(100m),평균 이슬점온도(°C),최소 상대습도(%),최소 상대습도 시각(hhmi),평균 상대습도(%),평균 증기압(hPa),평균 현지기압(hPa),최고 해면기압(hPa),최고 해면기압 시각(hhmi),최저 해면기압(hPa),최저 해면기압 시각(hhmi),평균 해면기압(hPa),가조시간(hr),합계 일조 시간(hr),1시간 최다일사 시각(hhmi),1시간 최다일사량(MJ/m2),합계 일사(MJ/m2),일 최심신적설(cm),일 최심신적설 시각(hhmi),일 최심적설(cm),일 최심적설 시각(hhmi),합계 3시간 신적설(cm),평균 전운량(1/10),평균 중하층운량(1/10),평균 지면온도(°C),최저 초상온도(°C),평균 5cm 지중온도(°C),평균 10cm 지중온도(°C),평균 20cm 지중온도(°C),평균 30cm 지중온도(°C),0.5m 지중온도(°C),1.0m 지중온도(°C),1.5m 지중온도(°C),3.0m 지중온도(°C),5.0m 지중온도(°C),합계 대형증발량(mm),합계 소형증발량(mm),9-9강수(mm),안개 계속시간(hr)
192,2021-01-01,-1.9,-8.4,641,4.5,1349,,,,,,,7,250,1355,3.9,250,1420,1.2,1043,-7.8,44,1554,65.3,3.4,1022.4,1028.6,955,1024.3,1542,1026.1,9.9,7.6,1100,1.89,11.37,,,,,,1.9,1,-.9,-10.7,,,,,,,,,,1.2,1.7,,
192,2021-01-02,-.4,-4.6,114,5.6,1405,,,,,,,8.8,340,1549,4.3,360,1531,1.2,1031,-8.8,29,1619,56.5,3.3,1023.9,1030.7,2326,1025,121,1027.7,9.9,8.4,1200,2.05,11.27,,,,,,2.6,1.6,.5,-7.5,,,,,,,,,,1.6,2.2,,
192,2021-01-03,.1,-5,306,5.7,1455,,,,,,,7.6,360,1431,3.7,340,1531,1.1,942,-12.3,24,1456,40.9,2.4,1028.6,1034,1023,1030.4,1,1032.4,9.9,6.5,1200,1.98,10.51,,,,,,6.9,4.3,-.1,-7.8,,,,,,,,,,1.4,2,,
192,2021-01-04,-1.5,-7.7,650,7.2,1436,,,,,,,3.6,140,1434,1.9,110,1437,.4,363,-8.6,31,1445,60.5,3.2,1027.1,1033.4,633,1028.3,1715,1030.9,9.9,8.5,1200,1.95,11.29,,,,,,2,.9,0,-9.9,,,,,,,,,,1.2,1.8,,
192,2021-01-05,-.4,-5.5,716,6.9,1147,,,,,,,9,360,1342,3.8,360,1315,1.2,1074,-10,25,1328,51.9,2.9,1023.5,1029,1,1025,1353,1027.2,9.9,3.7,1100,1.6,7.29,,,,,,5.9,3.9,.2,-7.5,,,,,,,,,,1.3,1.8,,
192,2021-01-06,-2.3,-8.1,809,2.2,1441,,,,,,,6,140,2157,3.2,230,2205,1.1,976,-12,34,1446,48,2.5,1020,1028.4,140,1018.9,2350,1023.8,9.9,8.6,1200,2,11.63,,,,,,4,1.6,-1.6,-11.3,,,,,,,,,,1.5,2.1,,
192,2021-01-07,-6.9,-12.1,2400,-1.3,147,,,,,,,11.5,340,1459,5.3,340,1517,2.7,2352,-18,26,1331,41.6,1.6,1020,1026.4,937,1018.5,16,1023.8,9.9,8,1200,2.2,12.38,,,,,,3,2,-2.9,-14.4,,,,,,,,,,1.2,1.8,,
192,2021-01-08,-9.1,-15.4,645,-1.9,1500,,,,,,,7,360,1633,3.2,360,1640,1,870,-18.5,28,1400,48,1.4,1019.6,1026.2,843,1020.2,1457,1023.5,9.9,8.4,1200,2.15,12.26,,,,,,1.4,0,-5.3,-16.8,,,,,,,,,,1.2,1.7,,
192,2021-01-09,-7,-14.8,718,.5,1441,,,,,,,5.9,20,2243,3,360,2247,1,865,-15.6,32,1442,52.9,1.8,1020,1026.1,2128,1020,1529,1023.8,9.9,8.5,1200,2.09,12.95,,,,,,.3,.1,-4.8,-16.5,,,,,,,,,,1.3,1.9,,
192,2021-01-10,-5.6,-12.9,630,1.9,1427,,,,,,,3.4,270,1219,1.9,290,1225,.6,509,-11.1,41,1337,66.8,2.7,1023.5,1029.2,923,1025.3,1356,1027.4,10,7,1200,2.07,11.03,,,,,,3.8,1.9,-3.8,-14.9,,,,,,,,,,.9,1.3,,
192,2021-01-11,-3.3,-7.9,453,1.3,1502,,,,,,,3,110,1211,1.6,90,1217,.4,373,-8.3,50,1301,69.1,3.3,1021.8,1030,1000,1021.7,2354,1025.6,10,1.6,1200,1.03,5.83,,,,,,7.4,5.9,-2.2,-9.7,,,,,,,,,,.6,.8,,
192,2021-01-12,-1.9,-10.4,709,5.4,1512,,,,,,,8.6,230,1615,4.8,250,1618,.8,729,-7.9,34,1451,66.6,3.4,1015.5,1021.8,6,1016.6,1602,1019.2,10,8.7,1100,2.19,12.3,,,,,,1.9,1.8,-2.1,-13.4,,,,,,,,,,1.4,2,,
192,2021-01-13,3.4,-4.8,800,11.8,1516,,,,,,,9.5,230,1509,4.3,250,1409,1.3,1085,-2.6,40,1514,67.4,5.1,1013.8,1019.3,2359,1014.7,1449,1017.5,10,8.3,1200,1.92,10.91,,,,,,.1,.1,.7,-7.8,,,,,,,,,,1.6,2.3,,
192,2021-01-14,3.3,-4.9,747,13,1428,,,,,,,3.9,70,1303,2.2,70,1251,.5,467,-2.6,31,1446,69.9,5.1,1018.4,1024.4,1001,1019.1,12,1022.1,10,8.7,1200,2,11.76,,,,,,1.1,1.1,1.2,-7.5,,,,,,,,,,1.5,2.2,,
192,2021-01-15,7.5,-1.9,625,15.6,1538,,,,,,,9.8,250,1407,4.4,250,1546,1.2,1057,3.1,56,1138,74.8,7.9,1013.5,1021.8,1,1014.1,1439,1017.1,10.1,4,1100,1.79,6.96,,,,,,6.8,4.4,3.6,-4.5,,,,,,,,,,1.2,1.7,,
192,2021-01-16,2.4,-2.1,2339,8.5,1417,,,,,,,7.4,340,1520,4,360,1528,1.3,1153,-8.5,18,1501,48.6,3.5,1018.3,1027.4,2337,1015.5,112,1022,10.1,8.8,1200,2.09,12.28,,,,,,3.3,1.8,2.4,-6,,,,,,,,,,2.3,3.3,,
192,2021-01-17,-1.6,-7,2330,3,1501,,,,,,,9.1,360,1254,4.9,360,1259,1.8,1598,-14.8,18,1426,38.1,2,1023.4,1029.1,936,1025.1,1515,1027.2,10.1,8.8,1200,2.28,13.74,,,,,,3,2.6,.2,-9.9,,,,,,,,,,1.5,2.2,0,
192,2021-01-18,-.8,-8.3,244,5.1,1706,,,,,,.2,11,230,1754,6.1,250,1647,1.9,1653,-8.1,35,1742,60.1,3.5,1018.2,1026.3,1,1018.1,1445,1022,10.1,3.1,1000,1.23,6.76,,,,,,5,3.6,-1,-10.4,,,,,,,,,,1.1,1.6,.2,
192,2021-01-19,-1.9,-8.2,729,5.6,1525,,,,,,,5.7,360,12,2.4,110,1514,.8,688,-13.3,21,1502,44,2.2,1027,1033.3,2151,1025.5,1,1030.8,10.1,8.8,1200,2.22,13.49,,,,,,.3,0,-.6,-11.5,,,,,,,,,,1.5,2.2,,
192,2021-01-20,-.4,-9.7,741,10.6,1529,,,,,,,4.5,250,1522,2.2,250,1530,.5,401,-7,27,1241,64,3.9,1026.7,1033.2,31,1027.8,1715,1030.4,10.2,8.9,1200,2.18,12.99,,,,,,2.5,.3,0,-11.5,,,,,,,,,,1.4,2,,
192,2021-01-21,5.2,-2.6,56,12.6,1503,,,,,,1.7,4.2,160,1324,2.1,200,1411,.6,556,1.2,48,1232,77.8,6.9,1020.8,1028.9,1,1020.7,2330,1024.5,10.2,5,1100,1.93,8.83,,,,,,5.6,4.5,3.9,-5.2,,,,,,,,,,1.1,1.5,2.9,
192,2021-01-22,7,5.1,230,9.8,1343,,,,,,1.2,2.3,290,103,1.3,290,117,.5,455,6.6,90,1353,97.5,9.8,1015.1,1020.7,1,1017.1,1603,1018.7,10.2,0,1000,.6,3.42,,,,,,8,7.8,7.1,5.4,,,,,,,,,,.4,.6,0,
192,2021-01-23,8.9,6.8,418,11.6,1426,,,,,,1.4,6.1,70,1804,2.8,360,1357,.8,681,6.8,68,1919,87.9,9.9,1014.9,1021.5,2333,1016.2,1409,1018.5,10.2,0,1000,.42,2.02,,,,,,9.8,9,7.7,6.3,,,,,,,,,,.6,.9,1.4,
192,2021-01-24,8,3,2224,11.6,1310,,,,,,0,7.9,70,1348,3.8,70,1543,1.4,1217,2.6,52,1314,70.4,7.4,1021.6,1028.9,2355,1021.2,4,1025.3,10.3,2.8,1000,1.57,7.43,,,,,,8.4,7.3,6.5,.4,,,,,,,,,,1.2,1.6,,
192,2021-01-25,6.3,-1.2,745,14.3,1542,,,,,,,6.2,50,1404,3.1,50,1409,1,835,1.7,40,1642,75.8,6.9,1022.5,1029.3,956,1023.4,2220,1026.1,10.3,9,1200,2.18,12.93,,,,,,4.4,3,5.2,-3.8,,,,,,,,,,1.8,2.6,2.8,
192,2021-01-26,4.7,1.5,2339,7.4,1648,,,,,,10.3,3.8,270,54,2.1,290,58,.6,506,3.9,83,115,94.5,8.1,1015.5,1023.5,1,1016.3,1447,1019.2,10.3,0,1200,.46,2.25,,,,,,7,6.4,4.8,-.7,,,,,,,,,,.4,.5,7.5,
192,2021-01-27,4.1,-1.2,447,11.4,1456,,,,,,,6.6,70,1122,3.5,70,1140,.9,820,-4.1,21,1559,61.5,4.6,1017.9,1023.8,945,1019.2,18,1021.6,10.3,8.9,1200,2.34,13.83,,,,,,3.6,1.8,4.1,-3.3,,,,,,,,,,2,2.9,,
192,2021-01-28,1.4,-3,250,10.7,1225,,,,,,,14.6,290,1509,7.6,270,1528,2.3,2023,-7,23,1151,58.1,3.7,1013.1,1021,1,1011.6,1309,1016.8,10.4,7.3,1200,2.17,11.64,,,,,,5,3,2.2,-5,,,,,,,,,,2.1,3,,
192,2021-01-29,-2.3,-6,733,3,1502,,,,,,,11,320,427,4.3,340,417,2.1,1772,-14.6,25,1408,39.4,2,1020.9,1027.6,2203,1020.5,3,1024.7,10.4,9.2,1200,2.43,14.95,,,,,,0,0,.8,-9,,,,,,,,,,1.8,2.6,,
192,2021-01-30,-.3,-9.2,713,9.1,1456,,,,,,,13,250,1445,6.2,250,1438,1.3,1142,-5.6,47,1504,69.4,4.2,1023.4,1029.6,2359,1023.9,1418,1027.2,10.4,6.1,1300,2.05,10.06,,,,,,2.6,1.8,.1,-10.4,,,,,,,,,,1.3,1.8,,
192,2021-01-31,3.1,-6,702,12.2,1433,,,,,,1,6,200,1506,2.6,250,1405,.5,452,-1.6,38,1211,74.6,5.6,1024.6,1032,927,1023.9,2359,1028.4,10.5,8.6,1200,2.14,12.77,,,,,,4.4,3.3,3.6,-8.4,,,,,,,,,,1.4,2.1,17,
192,2021-02-01,7.5,4.3,1,10.6,1111,,,,,,16,8.8,250,1353,3.4,250,1400,1,876,4.8,60,2054,84.5,8.7,1013.3,1023.9,1,1014,1529,1016.9,10.5,.3,1000,.93,3.1,,,,,,9,7.5,6,1.5,,,,,,,,,,1,1.5,,
192,2021-02-02,.4,-5.2,2359,7.5,13,,,,,,,9.9,20,922,4.5,360,1108,2.3,1957,-13.9,19,1214,36,2.2,1019.7,1025.9,2141,1017.8,1,1023.5,10.5,9.4,1200,2.53,15.96,,,,,,0,0,2.5,-8.5,,,,,,,,,,2.1,3,,
192,2021-02-03,-1.6,-8.5,656,5.1,1548,,,,,,,6.1,230,1438,2.9,110,1358,.8,657,-9.9,27,1604,56.3,2.9,1022.3,1029,836,1023.6,2349,1026.1,10.5,9.5,1200,2.47,15.78,,,,,,.9,.9,1.7,-10.5,,,,,,,,,,1.8,2.6,,
192,2021-02-04,2.4,-4,736,10,1609,,,,,,,6.6,360,1006,3.3,360,955,1,877,-9,17,1325,50.3,3.3,1021.1,1026.3,2400,1022.3,128,1024.8,10.6,9.4,1200,2.5,16.28,,,,,,1.6,1.5,3.3,-7.5,,,,,,,,,,2.4,3.5,,
192,2021-02-05,1.2,-7.1,611,8,1453,,,,,,,5.4,160,1509,2.7,160,1504,.7,591,-8.4,23,1252,52.5,3.3,1018.6,1026.5,54,1018.6,2130,1022.3,10.6,5.3,1100,1.93,10.31,,,,,,8,4.5,2.1,-9.4,,,,,,,,,,1.4,2,,
192,2021-02-06,4.1,-5.6,718,15,1540,,,,,,,5.7,290,1617,3.5,250,1713,.8,702,-1.4,37,1555,70.6,5.7,1013.3,1019.2,2,1014.6,1448,1017,10.6,9.6,1200,2.29,14.73,,,,,,0,0,4,-7.7,,,,,,,,,,2,2.9,,
192,2021-02-07,6.4,-2.1,706,15,1442,,,,,,,5.2,200,1512,2.3,160,1423,.8,656,-.9,31,1831,65.1,5.8,1016,1021.6,2349,1017.5,1,1019.6,10.7,9.3,1200,2.28,13.74,,,,,,2.9,2.1,5,-5.5,,,,,,,,,,2.5,3.6,,
192,2021-02-08,2.2,-2.8,2359,6.6,1306,,,,,,,9.9,360,1337,4.8,340,1720,2.1,1816,-14.4,19,1220,28.6,2,1021.8,1029,2358,1021.3,19,1025.5,10.7,9.7,1200,2.6,16.57,,,,,,1.3,0,2.9,-8.5,,,,,,,,,,2.6,3.7,,
192,2021-02-09,-.2,-8,721,9.1,1523,,,,,,,4.3,270,1533,2.4,250,1551,.7,580,-11.5,19,1502,46.6,2.6,1023.8,1030.2,926,1025.2,1706,1027.5,10.7,9.8,1200,2.61,16.79,,,,,,.6,0,2.6,-10.9,,,,,,,,,,2.2,3.1,,
192,2021-02-10,1.9,-7,629,13,1535,,,,,,,4.1,230,1624,2.5,200,1629,.5,475,-6.8,22,1348,57.9,3.7,1021.3,1027.2,215,1021.9,1454,1025,10.8,9.7,1200,2.46,15.48,,,,,,2.5,0,3.2,-9.7,,,,,,,,,,1.9,2.7,,
192,2021-02-11,4,-3.3,600,11.6,1554,,,,,,,3.7,90,1132,2.2,90,1140,.5,448,-2,31,1559,67.8,5.3,1021.6,1027.6,854,1023.2,1512,1025.3,10.8,3.1,1100,1.6,9.31,,,,,,9.6,3.8,3.5,-6.1,,,,,,,,,,1.2,1.7,,
192,2021-02-12,5.9,-1.3,720,16.1,1616,,,,,,,4.4,180,1712,2,270,1402,.4,372,-1.7,24,1519,63.9,5.5,1020.9,1025.8,849,1022.5,1517,1024.5,10.8,7.6,1200,2.4,12.96,,,,,,6.1,4.9,5.5,-3.5,,,,,,,,,,2,2.8,,
192,2021-02-13,7,-2.9,716,19.9,1547,,,,,,,4.1,230,1935,2.2,230,1935,.5,442,-2.5,19,1533,57.5,5.1,1020.1,1026.6,748,1020.7,1627,1023.7,10.9,9.9,1200,2.49,16.01,,,,,,.6,.1,6,-6.1,,,,,,,,,,2.6,3.6,,
192,2021-02-14,8.8,1.5,357,15.2,1432,,,,,,3.7,3.4,340,506,1.4,320,1139,.4,315,4.6,55,1249,76.4,8.7,1011.8,1022,9,1010.2,2346,1015.4,10.9,.8,1100,1.46,6.11,,,,,,7.6,6.5,7.9,-1.9,,,,,,,,,,.9,1.3,3.7,
192,2021-02-15,6,-1.6,2254,12.5,1140,,,,,,0,10.1,250,1443,5.7,250,1443,1.3,1147,-.9,28,1518,66.1,6.7,1005.8,1014.8,2348,1005.9,1438,1009.4,10.9,7.2,1300,2.39,13.1,,,,,,2.3,1.8,8.5,-5.1,,,,,,,,,,2,2.9,,
192,2021-02-16,.7,-6.4,723,8.1,1533,,,,,,0,11.7,230,1308,6,250,1729,1.9,1600,-7.3,27,1257,57.5,3.6,1011.8,1018.5,825,1011.1,1635,1015.5,11,8.9,1200,2.6,16.81,,,,,,2.3,1.4,3,-8.7,,,,,,,,,,2.4,3.4,0,
192,2021-02-17,-3,-5.5,2346,.2,1251,,,,,,,14.1,290,1304,6.9,270,1319,3.4,2897,-14.8,25,1719,40.4,2,1014,1019.5,2134,1015.3,1340,1017.7,11,9.7,1200,2.76,16.8,,,,,,3,2.3,1.4,-7.2,,,,,,,,,,2,2.8,,
192,2021-02-18,-2.5,-8.3,642,2.7,1545,,,,,,,10.4,360,1157,5.2,360,1158,1.8,1552,-12.5,30,1241,47.1,2.4,1016.9,1023.1,2359,1019.1,7,1020.6,11,10,1200,2.72,17.87,,,,,,.1,0,.9,-11.4,,,,,,,,,,1.9,2.7,,
192,2021-02-19,3.1,-8.9,637,13.2,1528,,,,,,,13,250,1729,7.3,250,1743,1.7,1440,-5.6,24,1521,57.6,4.2,1015,1023.3,219,1014.9,1712,1018.7,11.1,10.1,1200,2.75,18.86,,,,,,.4,0,3.3,-10.9,,,,,,,,,,3,4.3,,
192,2021-02-20,12.4,5.9,201,19.9,1501,,,,,,,7.6,270,1357,4.5,250,1417,2,1732,4.7,36,1356,61.6,8.6,1008.5,1015.1,1,1009.2,1450,1012,11.1,9.9,1200,2.47,15.72,,,,,,.8,0,8.3,2,,,,,,,,,,2.8,4,,
192,2021-02-21,13.7,3.5,659,23.3,1426,,,,,,,10.9,270,1547,4.8,250,1637,1.8,1519,4.3,26,1616,58.6,8.4,1009.1,1014.1,852,1010.1,1420,1012.6,11.1,10,1200,2.62,16.84,,,,,,.8,0,10.2,.8,,,,,,,,,,3.5,5,,
192,2021-02-22,14.3,8.1,835,21.8,1513,,,,,,,8.4,140,1252,4.3,110,1428,1.8,1598,3.9,23,2350,55.3,8.9,1009.7,1018.9,2359,1009,1451,1013.2,11.2,10,1200,2.49,16.04,,,,,,.6,0,12.3,4.5,,,,,,,,,,3.4,4.9,,
192,2021-02-23,6.9,.3,2358,14.3,1505,,,,,,,8.7,340,454,3.9,360,458,1.1,989,-10.9,11,1508,29.5,2.7,1019,1024.5,917,1018.9,1,1022.6,11.2,8.9,1200,2.44,14.74,,,,,,5.1,1.8,7.2,-4.5,,,,,,,,,,2.3,3.3,,
192,2021-02-24,3.6,-2.3,423,11.6,1514,,,,,,,3.8,180,1800,1.6,360,1018,.5,416,-10,14,1447,40.5,2.9,1021.3,1026.9,903,1023.1,1550,1025,11.3,2.9,1400,2.09,9.79,,,,,,6.9,3.3,5.2,-6.2,,,,,,,,,,1.5,2.1,,
192,2021-02-25,4.3,-1.4,130,8.3,1516,,,,,,2.6,3.6,250,1321,2.2,250,1322,.6,477,.6,59,1,77.5,6.7,1019.9,1025.4,13,1021.9,2400,1023.6,11.3,0,1500,.62,3.64,,,,,,9.3,8.6,4.6,-4.1,,,,,,,,,,.6,.8,5,
192,2021-02-26,8.7,4.9,127,13.9,1448,,,,,,2.4,8.9,50,1352,4.3,70,1402,1.5,1281,2.4,40,1558,67.9,7.4,1018.6,1025,2340,1019.7,1451,1022.2,11.3,4.4,1300,1.77,10.34,,,,,,8.9,6.3,8.1,3.5,,,,,,,,,,1.7,2.5,,
192,2021-02-27,7.4,3.4,243,12.5,1515,,,,,,,9,70,1133,4.6,70,1135,1.6,1343,-.4,41,1518,58.6,5.9,1025.4,1031,2128,1025,1,1029.1,11.4,4.7,1300,2.46,12.13,,,,,,7.4,5,7.2,-1.3,,,,,,,,,,2.1,3,,
192,2021-02-28,7.4,2.6,320,11.8,1141,,,,,,.2,4.4,90,1146,2.4,70,1149,.9,749,3.5,53,1142,77.1,8,1023.5,1030.3,146,1023.7,2358,1027.2,11.4,1.1,1100,1.98,7.36,,,,,,7.8,7.1,7.2,.1,,,,,,,,,,1,1.5,.3,
192,2021-03-01,11.1,7,443,16,1722,,,,,,38.6,9.6,160,1650,3.7,180,1338,1.2,1013,10.3,91,2056,95.4,12.8,1010.6,1023.7,1,1007.1,1834,1014.2,11.4,0,1200,.48,2.22,,,,,,9.8,9.3,10.5,6,,,,,,,,,,.5,.8,40.4,
192,2021-03-02,5.2,-.8,2354,10.8,1,,,,,,1.9,10.7,20,11,4,20,59,1.7,1447,1.1,52,1511,76.3,6.7,1019.4,1029.8,2314,1009.6,3,1023.1,11.5,7.9,1200,2.59,15.58,,,,,,5.9,5.3,9.6,-3.4,,,,,,,,,,1.7,2.5,,
192,2021-03-03,3.8,-3.3,602,11.1,1504,,,,,,,4.7,250,1639,2.7,230,1625,.7,620,-1.5,39,1429,71.6,5.5,1026.4,1033.4,820,1027.6,1702,1030.1,11.5,10,1200,2.68,18.26,,,,,,5,2.9,6.5,-5.9,,,,,,,,,,2,2.8,,
192,2021-03-04,5.2,.8,236,8.5,1255,,,,,,7.5,2.8,320,1941,1.6,270,1436,.5,463,3.6,68,1222,90,8,1021.1,1028.8,2,1020.9,2356,1024.7,11.5,0,1000,.72,3.26,,,,,,9.9,9.8,6,-1.2,,,,,,,,,,.6,.8,7.5,
192,2021-03-05,10.6,2.4,617,20,1537,,,,,,,6.4,20,1447,3.5,20,1441,.8,725,5.8,26,1546,77.5,9.3,1015.7,1021,1,1016.1,1528,1019.3,11.6,10.1,1200,2.9,19.34,,,,,,4.9,3.3,11.7,.3,,,,,,,,,,2.8,4,,
192,2021-03-06,7.6,2.2,624,15.8,1203,,,,,,,7.9,90,1435,4.1,70,1757,1.6,1353,3,52,1205,74.8,7.7,1022.8,1031.1,2343,1021,1,1026.4,11.6,5.4,1100,2.36,11.68,,,,,,6.5,4.9,8.5,-1.7,,,,,,,,,,1.9,2.7,,
192,2021-03-07,6.4,2.5,2400,11.8,1548,,,,,,,4.2,340,259,2.4,70,1604,1.1,927,1.3,51,1550,71,6.7,1024.8,1031.1,850,1025.6,1629,1028.4,11.6,4.1,1400,2.18,11.74,,,,,,6.8,6.4,9.1,-.4,,,,,,,,,,1.4,2,,
192,2021-03-08,7.3,-1,700,15.6,1522,,,,,,,5.4,90,1304,2.9,200,1540,.8,690,1.5,32,1505,71.5,6.9,1023.2,1029,923,1024.4,1610,1026.9,11.7,9.6,1200,2.91,18.91,,,,,,4.1,3,9.1,-3.3,,,,,,,,,,2.7,3.9,,
192,2021-03-09,9.2,4.5,2359,15.3,1532,,,,,,,5.7,180,1618,3,230,1704,.7,622,3.6,44,1328,70,7.9,1020.9,1026.8,848,1021.6,1553,1024.5,11.7,7.5,1300,2.84,16.66,,,,,,8.1,4.9,11.6,1.2,,,,,,,,,,2.3,3.2,,
192,2021-03-10,8.4,.5,502,18.1,1536,,,,,,,6.1,110,1318,3.7,110,1321,.9,809,.9,26,1550,63.8,6.5,1024.5,1030.7,2256,1024.7,33,1028.1,11.8,10.5,1200,2.94,20.08,,,,,,0,0,10.1,-3.4,,,,,,,,,,3.1,4.5,,
192,2021-03-11,9.4,.6,626,17.6,1550,,,,,,.7,5,270,1455,2.6,230,1534,.7,620,3.5,35,1429,71.1,8,1022.9,1030.6,844,1023.1,1721,1026.5,11.8,8.9,1300,2.6,17.34,,,,,,8.4,3.3,10.8,-2,,,,,,,,,,2.5,3.5,16.6,
192,2021-03-12,9,8.4,553,10.5,1612,,,,,,25.2,6.9,340,2155,2.8,340,2155,1.4,1252,7.4,75,2320,90.1,10.3,1016,1023.6,1,1017.1,1604,1019.6,11.8,0,1500,.66,2.98,,,,,,8.8,8.4,9.7,6.9,,,,,,,,,,.7,.9,9.3,
192,2021-03-13,8.7,1.8,616,16.9,1501,,,,,,,5.3,230,1709,2.5,230,1542,.8,707,3.7,38,1413,75,8,1017.3,1023.5,810,1018.5,1652,1020.9,11.9,10.4,1200,2.95,19.48,,,,,,.9,.4,11.2,-1.7,,,,,,,,,,2.6,3.8,,
192,2021-03-14,9.2,2.7,240,17.8,1534,,,,,,,5.7,340,1543,2.6,360,1601,.6,531,3.7,37,1554,74.1,8,1016.1,1021.8,847,1017.6,1702,1019.7,11.9,8.8,1200,3.08,17.9,,,,,,4,2.4,10.8,0,,,,,,,,,,2.5,3.6,,
192,2021-03-15,10.5,1,649,17.3,1502,,,,,,.3,8,140,1414,3.3,180,1420,.8,714,6.2,50,1111,77.4,9.7,1014.1,1021.1,930,1014.4,2355,1017.6,11.9,10.1,1200,2.39,17.35,,,,,,5.5,2.9,11.9,-1.7,,,,,,,,,,2.3,3.3,2.1,
192,2021-03-16,13.9,4.9,2349,22.2,1449,,,,,,1.8,6.2,20,1548,3.2,20,1555,.9,740,4.9,14,1657,64.5,9.5,1009.5,1015.9,2346,1011.3,1516,1013,12,8.8,1200,2.88,19.27,,,,,,2.3,1.8,14.5,.5,,,,,,,,,,3.7,5.3,,
192,2021-03-17,9.2,.4,609,19.2,1532,,,,,,,5.1,110,1129,3.1,110,1123,.7,637,.3,18,1412,61,6.4,1015.1,1021.3,2254,1015.8,31,1018.7,12,10.1,1200,3.11,20.71,,,,,,2.9,0,11.1,-2.6,,,,,,,,,,3.1,4.5,,
192,2021-03-18,10.8,2.5,619,19.4,1610,,,,,,,5.8,140,1219,3.4,70,1149,1,896,5.3,40,1331,72.6,9,1016.5,1022.2,758,1016.9,1620,1020.1,12.1,10.7,1200,2.98,20.58,,,,,,3.3,3.3,12.4,-.7,,,,,,,,,,3,4.3,,
192,2021-03-19,12.3,6.7,521,19.6,1541,,,,,,,7,90,1754,3.8,110,1320,1.7,1436,4.8,36,1543,62.6,8.6,1016,1022.1,833,1016.7,1613,1019.5,12.1,8.9,1200,3.06,19.81,,,,,,5.3,2.4,13.9,3.2,,,,,,,,,,3.2,4.6,7.5,
192,2021-03-20,9.7,7.8,735,11.8,1655,,,,,,12.8,3.9,20,1634,1.8,70,1643,.8,687,8.5,59,1,92.9,11.2,1009.1,1018.9,1,1009.5,1525,1012.7,12.1,0,1200,.48,3.09,,,,,,8.4,7.3,11.2,7.9,,,,,,,,,,.6,.9,5.3,
192,2021-03-21,9.1,4.9,2334,13.6,1138,,,,,,,11.5,290,1251,5.3,340,1401,2.2,1895,-.2,28,1618,54.9,6.4,1010.2,1019.8,2357,1009.7,333,1013.8,12.2,9.5,1200,2.64,18.97,,,,,,5.4,2.6,11.3,3,,,,,,,,,,3.5,4.9,,
192,2021-03-22,7.3,1.1,2357,12.7,1506,,,,,,,10.9,340,1330,4.9,320,1757,2.4,2034,-5.9,23,1158,40.6,3.9,1017.4,1022.9,2311,1019.3,1619,1021,12.2,11.1,1200,3.27,21.94,,,,,,2.4,0,8.9,-2.5,,,,,,,,,,3.3,4.7,,
192,2021-03-23,9.1,-2.3,610,18.6,1557,,,,,,,8,270,1401,4,270,1457,1.3,1104,-.4,25,1351,55.8,6,1018.3,1024.5,722,1019,1740,1021.9,12.2,11,1200,3.06,22.4,,,,,,0,0,10.2,-5,,,,,,,,,,3.8,5.5,,
192,2021-03-24,9.9,1,559,17.5,1436,,,,,,,6.8,160,1759,3.1,140,1452,1,866,3.4,39,1156,67.4,8,1017.7,1024.2,910,1018.7,1629,1021.3,12.3,7.6,1400,2.74,15.76,,,,,,5.9,3,12,-2.3,,,,,,,,,,2.3,3.3,,
192,2021-03-25,12.1,2.5,613,21.8,1457,,,,,,,5,180,1531,2.7,180,1535,.8,714,4.1,27,1442,64.3,8.2,1017,1022.7,933,1018.3,1708,1020.6,12.3,10.9,1200,3.18,22.51,,,,,,1,0,14.1,-.9,,,,,,,,,,3.8,5.5,,
192,2021-03-26,12.4,2.4,618,23.8,1454,,,,,,,7.9,180,1634,3.1,180,1536,.8,658,2.2,18,1326,58.4,7.2,1017.9,1024,907,1019,1643,1021.4,12.4,11,1100,3.03,21.46,,,,,,4.9,0,14.2,-1,,,,,,,,,,3.6,5.2,,
192,2021-03-27,11.4,3.7,616,16.2,1919,,,,,,68.4,8.6,180,1945,3.6,110,1741,.9,779,9.9,71,1153,90.9,12.7,1009.3,1021.2,2,1004.4,2357,1012.8,12.4,.2,900,.79,4.64,,,,,,9.5,5.9,11.2,.3,,,,,,,,,,1.1,1.5,70.4,
192,2021-03-28,16,10,2212,20.4,1521,,,,,,2,10.3,270,704,5.8,250,710,2,1723,9.7,50,1707,67.9,12.2,1000.6,1006.6,2153,1001.4,423,1004.1,12.4,11.1,1200,3.26,23.85,,,,,,2.5,1.4,17.4,7.1,,,,,,,,,,3.7,5.3,,
192,2021-03-29,13.6,7.5,631,20.2,1519,,,,,,,4.6,250,57,2.2,270,1239,.8,680,4.7,30,1623,59.4,8.6,1004,1009.6,2359,1005.5,342,1007.5,12.5,9.3,1200,2.58,17.31,,,,,,5.6,5.3,14.9,6,,,,,,,,,,2.8,4,,
192,2021-03-30,12.2,5.8,601,22,1556,,,,,,,4.6,180,1726,2.1,270,1441,.7,579,1.1,21,1614,52.3,6.7,1007.8,1014,2357,1009.6,1,1011.4,12.5,8.8,1200,3.17,20.42,,,,,,3.4,.8,14.8,2.9,,,,,,,,,,3.7,5.4,,
192,2021-03-31,12.1,2.8,626,22.2,1422,,,,,,,4.8,270,1539,2.6,200,1511,.7,579,4.7,26,1321,65,8.6,1011.5,1016.5,2335,1012.3,1547,1015,12.5,10.5,1200,3.17,21.77,,,,,,4.8,0,14.2,.1,,,,,,,,,,3.7,5.3,,
192,2021-04-01,14,5.3,520,21.4,1254,,,,,,,9.4,20,1348,4.3,70,1058,1.8,1560,3.1,27,1615,53.3,7.7,1015.5,1020.5,2304,1016.3,23,1019,12.6,6.5,1100,2.55,15.31,,,,,,7.6,4,13.8,1.6,,,,,,,,,,3.6,5.1,0,
192,2021-04-02,17.2,12.6,349,22.4,1341,,0,,0,,0,6.6,140,1407,3.1,360,918,1.7,1477,8.4,46,1344,56.9,11.2,1016.3,1021.5,928,1017.9,1559,1019.8,12.6,7.9,1200,3.18,19.6,,,,,,7.4,6.9,18.2,11.3,,,,,,,,,,3.3,4.7,,
192,2021-04-03,,14.3,1132,17.3,12,,2.6,1702,7.9,1628,35.6,5.2,90,126,2.3,90,127,.6,492,13.8,66,12,91,15.8,1010.1,1019.2,1,,1615,1013.6,12.7,0,900,.48,2.94,,,,,,,,15.9,14.3,,,,,,,,,,.5,.7,41.6,
192,2021-04-04,12.4,9.3,2344,16.5,207,,1.3,749,5.1,714,7.9,5.6,20,750,2.6,70,1730,1.2,1064,10.9,75,2211,91.1,13.3,1010.2,1019.9,2249,1007.5,353,1013.8,12.7,0,1200,.8,4.37,,,,,,9.6,9.3,14.3,9.3,,,,,,,,,,1,1.5,1.9,
192,2021-04-05,10.5,4.5,2344,17.8,1509,,,,,,,6.6,320,941,3.2,20,943,1.3,1126,1.7,29,1720,58.9,7,1018,1023.6,758,1019.7,5,1021.6,12.7,11.1,1200,3.41,25.47,,,,,,.7,0,14.2,1.2,,,,,,,,,,3.8,5.4,,
192,2021-04-06,11.3,1.3,452,21.1,1711,,,,,,,6.7,180,1544,3.2,230,1633,.7,640,2.2,21,1705,60,7.2,1016.3,1022.3,1,1016.2,1708,1019.8,12.8,7.8,1200,3.49,20.49,,,,,,,,13.7,-.7,,,,,,,,,,3.4,4.8,,
192,2021-04-07,13.3,3.3,621,22.7,1438,,,,,,,8.1,200,1640,3.5,250,1456,1,897,3.8,22,1438,58.6,8.1,1015.2,1020.7,912,1016.4,1626,1018.7,12.8,11.2,1200,3.36,23.9,,,,,,3.3,.5,15.9,.4,,,,,,,,,,4.2,6,,
192,2021-04-08,12.9,5.5,615,21.8,1404,,,,,,,6.4,230,1527,3.7,110,1813,.8,727,4.5,24,1219,64.1,8.5,1013.8,1019.7,2333,1014.3,1601,1017.3,12.8,10.6,1200,3.4,24.03,,,,,,3.3,2.3,16.5,2.5,,,,,,,,,,4.4,6.3,,
192,2021-04-09,10.5,2.2,608,19.2,1356,,,,,,,10.5,90,1425,5.3,110,1500,1.5,1279,3.9,37,1333,66,8.1,1021.4,1030.7,2346,1019.5,37,1025,12.9,8.5,1100,3.06,18.78,,,,,,4.6,2.1,14,-.9,,,,,,,,,,3.1,4.4,,
192,2021-04-10,10,2.4,546,18.5,1504,,,,,,,6.2,250,1702,3.1,200,1625,1,845,3.2,30,1508,67.5,7.8,1027.8,1033.4,851,1029,1531,1031.4,12.9,11.6,1200,3.16,23.68,,,,,,1.4,.1,15.1,-.6,,,,,,,,,,3.3,4.7,,
192,2021-04-11,11.5,2.5,611,21,1343,,,,,,,7.4,110,1344,3.5,90,1443,.9,776,1.4,19,1353,58.4,6.9,1026.9,1033.4,811,1027.5,1814,1030.5,12.9,11.8,1200,3.37,25.21,,,,,,3.3,1,15.4,-.9,,,,,,,,,,4.1,5.9,.6,
192,2021-04-12,11.5,8.1,104,15,2228,,1.3,1659,5.6,1623,35.5,7.2,160,2334,2.7,180,2310,.6,494,9.6,64,10,88.8,12.3,1017,1028.9,1,1012,2400,1020.6,13,0,900,.57,3.21,,,,,,10,9.3,12.7,5.8,,,,,,,,,,.7,1,37.1,
192,2021-04-13,14.4,6.1,2327,20.6,1206,,.4,1,1.8,1,2.2,9.9,360,1318,4.5,360,1327,1.5,1292,6.2,35,1753,62.3,10.6,1008.4,1016.8,2354,1008.8,302,1011.9,13,9,1100,2.76,19.5,,,,,,6.4,3,16,2.7,,,,,,,,,,3.5,5,,
192,2021-04-14,10.4,5,2357,17.8,1532,,,,,,,9.6,360,1320,4.6,360,1353,1.9,1630,-2.1,17,1418,44.9,5.3,1014.5,1020.2,2231,1016.2,330,1018.1,13.1,10.5,1200,3.58,25.34,,,,,,3.5,2.6,13.6,.6,,,,,,,,,,4.5,6.5,,
192,2021-04-15,9.6,.8,536,18,1506,,,,,,,5.2,200,1614,2.4,230,1622,.8,709,.1,22,1350,58.1,6.2,1015.9,1021.6,857,1017.1,1654,1019.5,13.1,11.2,1100,2.98,22.01,,,,,,5,1.3,13.1,-2.1,,,,,,,,,,3.3,4.8,,
192,2021-04-16,12.8,2.2,403,20.3,1348,,,,,,,7,200,1501,3.3,200,1415,1,830,7.7,51,1329,73.4,10.7,1013.4,1019.2,1,1014.5,1645,1016.9,13.1,8.5,1300,2.89,20.31,,,,,,6.1,1.9,15.8,0,,,,,,,,,,3.2,4.6,,
192,2021-04-17,12.7,4.9,2356,19.8,1237,,,,,,,11.8,270,1720,7.4,250,1551,1.9,1630,2.3,17,1549,55.3,8,1010.6,1016.5,1,1011.1,1544,1014.1,13.1,11.4,1200,3.33,24.55,,,,,,3.3,2.9,17.5,0,,,,,,,,,,4.8,6.8,,
192,2021-04-18,10.7,2.6,334,18.8,1555,,,,,,,10.7,340,856,4.7,340,842,1.5,1314,.2,27,1558,52,6.2,1012.3,1017.8,2250,1013.4,1549,1015.9,13.2,11.9,1200,3.57,26.42,,,,,,1,0,15.4,-.9,,,,,,,,,,4.3,6.2,,
192,2021-04-19,13.2,1.2,550,23.9,1545,,,,,,,6.6,320,2037,3.2,340,2044,1,879,.5,18,1345,50.1,6.4,1013.5,1018.8,704,1014,1615,1017,13.2,12.3,1200,3.57,27.69,,,,,,.1,0,17,-2.1,,,,,,,,,,5.3,7.6,,
192,2021-04-20,14.8,3,544,26.6,1513,,,,,,,5.4,200,1550,2.8,110,1331,.8,667,4.4,20,1252,56.6,8.4,1016.6,1022.4,2335,1018.1,127,1020.1,13.2,12.2,1300,3.45,26.41,,,,,,2.5,1.9,18.1,-.5,,,,,,,,,,4.8,6.8,,
192,2021-04-21,17.1,6.8,603,27.2,1401,,,,,,,5.9,250,1351,2.7,180,1437,.7,594,6.9,22,1612,57.1,10,1018.4,1023.6,931,1020,1817,1021.9,13.3,11.1,1200,3.23,23.97,,,,,,6.5,4.9,19.9,3.7,,,,,,,,,,4.3,6.1,,
192,2021-04-22,17.6,12.5,552,24.8,1402,,,,,,,5.6,90,1719,2.8,140,1246,.8,707,8,23,1328,57.9,10.8,1016.1,1021.7,1,1017.6,1807,1019.5,13.3,1.8,900,2.09,11.84,,,,,,9.9,8.1,17.5,10.8,,,,,,,,,,2.6,3.7,,
192,2021-04-23,18,12.6,25,23.8,1519,,,,,,,8.8,70,1458,4.3,70,1203,1.6,1402,5.7,30,1559,46.1,9.2,1015.3,1021.2,2241,1016.4,1553,1018.8,13.4,4.7,1300,2.63,15.88,,,,,,9,8.4,19.2,10.6,,,,,,,,,,3.7,5.3,,
192,2021-04-24,16.4,9.2,605,24.8,1432,,,,,,,6.5,180,1605,3.3,250,1506,1,906,8,36,1412,60,10.9,1016,1021.8,750,1017.5,1508,1019.5,13.4,10.8,1200,3.41,24.9,,,,,,4.4,2.8,21.5,6.6,,,,,,,,,,4.2,6,,
192,2021-04-25,15.9,9.4,559,23.3,1349,,,,,,,6.7,140,1306,3.5,70,1054,1.2,1066,8.6,40,1345,64.4,11.3,1016.2,1023.3,2344,1017.7,446,1019.7,13.4,9.9,1200,3.31,21.77,,,,,,3.4,2.9,20.2,6.2,,,,,,,,,,3.8,5.4,,
192,2021-04-26,12.7,4.8,606,20.8,1448,,,,,,,6.3,230,1533,2.9,70,19,1,849,4,35,1454,58.9,8.1,1019,1024.4,924,1020.5,1554,1022.6,13.4,12.5,1300,3.32,26.89,,,,,,4,.5,19.7,2,,,,,,,,,,4,5.7,,
192,2021-04-27,13.3,5.8,410,18.7,1543,,,,,,,6.6,230,1504,2.3,200,1552,.8,669,7.6,46,1500,70.4,10.5,1016.1,1022.5,1,1017.3,1709,1019.6,13.5,4.1,900,2.05,13.71,,,,,,9.4,7.9,17.7,3.7,,,,,,,,,,2.2,3.2,,
192,2021-04-28,16.7,9.1,553,24,1430,,,,,,,5.5,180,1748,2.6,200,117,1,846,10.5,36,1243,70.1,12.7,1012.2,1018.5,1,1013.2,1654,1015.7,13.5,10.9,1200,3.28,23.88,,,,,,6.8,2.5,21.5,5.6,,,,,,,,,,3.7,5.3,,
192,2021-04-29,17.7,11,541,24.1,1408,,0,,0,,0,11.7,250,2400,5.4,250,2323,1.7,1433,6.2,18,1641,53.1,9.8,1003.3,1013.9,3,1003.2,1609,1006.7,13.6,9.5,1200,3.38,24.42,,,,,,5.6,4.4,20.9,9.8,,,,,,,,,,5.7,8.2,.1,
192,2021-04-30,16.4,9.8,2400,21.1,1428,,.4,2350,.7,2300,1,12.1,270,1122,6.5,250,1316,3.3,2850,3.4,20,1523,47.1,8.1,1001.6,1009.3,2201,1002.3,400,1005,13.6,12,1200,3.58,27.8,,,,,,4.8,2.6,21.2,9.1,,,,,,,,,,5.9,8.4,11.1,
192,2021-05-01,10.6,5.6,2325,15.2,1229,,.9,203,4.2,138,10.2,9.2,270,1323,4.8,250,1340,1.2,1036,6.6,46,1540,78.8,9.9,1002.8,1010.2,2349,1002.4,447,1006.3,13.6,3.6,1200,2.5,12.78,,,,,,6.1,5.6,14.4,3.5,,,,,,,,,,2.2,3.1,0,
192,2021-05-02,11.6,4.1,341,19.4,1629,,,,,,,10.6,340,934,4.4,340,923,1.3,1142,5,37,1603,68.9,8.7,1012,1020.1,2256,1009.9,139,1015.5,13.6,9.1,1000,3.18,22.23,,,,,,3.9,2.4,15.4,1.6,,,,,,,,,,3.2,4.6,,
192,2021-05-03,13.9,4.4,541,21.5,1330,,,,,,,8.4,70,1431,4.4,110,1259,1.2,1073,7.4,36,1340,69.5,10.4,1015.3,1021.1,717,1016.5,1722,1018.8,13.7,11.7,1200,3.55,27.84,,,,,,3.6,1.5,19.2,1.7,,,,,,,,,,4.2,6,,
192,2021-05-04,16.2,10.6,448,19.4,1308,,3.3,2018,15.4,1940,50.5,10.4,160,2051,3.6,110,1848,1.2,1063,14.6,79,1312,90.5,16.8,1008.5,1018.4,2,1004.2,2359,1012,13.7,0,1200,.67,3.66,,,,,,10,8.4,16.2,9.6,,,,,,,,,,1.1,1.6,50.5,
192,2021-05-05,16.8,6.9,2357,23.7,1159,,,,,,,10.8,230,1320,5.9,250,1326,1.6,1360,5.7,15,1409,56.5,9.8,1009.4,1019,2224,1003.6,130,1012.8,13.7,11.9,1200,3.6,28.69,,,,,,4.5,1.5,19.9,4.5,,,,,,,,,,5.5,7.9,,
192,2021-05-06,13.8,3.5,506,21.5,1152,,,,,,,6.6,110,1154,2.7,200,1514,.8,708,4.7,26,1103,59.3,8.6,1013.8,1020.7,809,1014,2356,1017.3,13.8,9.2,1000,2.98,21.44,,,,,,6.1,3.4,16.7,1.7,,,,,,,,,,3.5,5,,
192,2021-05-07,16.4,7.9,2400,25,1459,,,,,,,10.2,250,1646,5.5,250,1648,1.4,1218,10.3,36,1906,69,12.8,1004.9,1014.1,1,1003.9,1525,1008.4,13.8,9,1100,3.15,20.17,,,,,,5.5,2.9,19.9,5.9,,,,,,,,,,3.4,4.9,,
192,2021-05-08,15.6,4.1,505,23.1,1504,,,,,,,9.2,250,1258,4.6,250,1202,1.5,1304,6.9,29,1317,60.4,10,1002.6,1009.5,254,1002.1,1646,1006,13.8,12.2,1200,3.66,27.85,,,,,,1.3,0,19.4,2.2,,,,,,,,,,4.9,7,,
192,2021-05-09,17,8.5,558,25.7,1534,,,,,,,7.2,360,1736,3.4,340,1607,1.1,912,4.9,19,1559,50.8,8.8,1006.2,1011.9,2354,1005.7,1,1009.7,13.9,12.7,1200,3.56,28.84,,,,,,0,0,21.6,4.8,,,,,,,,,,5.5,7.9,0,
192,2021-05-10,16.2,10.2,48,21.2,1424,,0,,0,,0,7.7,70,1041,3.1,50,1049,1,875,6.7,33,1353,55,9.8,1009.7,1015.3,1022,1011.3,416,1013.2,13.9,3.8,1300,2.57,15.32,,,,,,8.8,6.1,19.2,8,,,,,,,,,,2.9,4.2,,
192,2021-05-11,16.7,14,409,19.5,1737,,,,,,,6.3,50,1043,3.2,70,1317,1.3,1159,10.1,46,1807,65.8,12.3,1011.2,1016.1,1046,1013.5,1513,1014.7,13.9,0,1100,1.7,10.35,,,,,,9.6,6.9,18.6,13.1,,,,,,,,,,2.2,3.1,,
192,2021-05-12,19.5,14.5,31,26,1358,,,,,,,6.9,90,1145,3.7,70,1414,1.5,1312,11.3,47,1359,60.1,13.6,1008.7,1014.7,1,1009.9,1738,1012.1,13.9,8.2,1100,3.29,20.19,,,,,,6.9,5.6,20.9,13.1,,,,,,,,,,3.8,5.5,,
192,2021-05-13,21,13,542,29.3,1440,,,,,,,5.7,230,1601,3.5,200,1548,1.2,1021,13.9,41,1434,67.4,16.1,1008.3,1013.1,2308,1009.8,1456,1011.7,14,12.8,1200,3.54,28.37,,,,,,3.1,.8,25,11,,,,,,,,,,4.9,6.9,,
192,2021-05-14,21.3,14,516,28.6,1416,,,,,,,6.3,110,1354,3.2,90,1402,1,837,16,45,1436,74,18.2,1008.8,1013.9,600,1010.8,1524,1012.2,14,11.4,1100,3.14,23.61,,,,,,7.8,2,24.9,11.8,,,,,,,,,,3.7,5.3,10.1,
192,2021-05-15,19.8,17.7,518,22.1,1722,,1.9,817,6.8,809,11.7,4,160,1903,2.1,160,1906,.5,398,18.8,82,3,94.1,21.7,1004.5,1011.8,44,1005.4,1713,1007.9,14,.1,1300,1.36,5.35,,,,,,9.1,9,21.3,17.8,,,,,,,,,,1,1.4,8.5,
192,2021-05-16,20.9,20,56,22.3,1423,,2.5,1100,5.9,1034,16.8,8.1,140,1647,3.2,140,1318,1,901,20.2,92,1432,96.1,23.7,999.3,1006.5,1,1000.2,1703,1002.7,14,0,1400,.72,3.85,,,,,,10,9.5,21.5,20.1,,,,,,,,,,.9,1.3,9.9,
192,2021-05-17,18.5,16,2348,21.3,832,,.3,1444,.4,1427,1.3,5.8,140,1137,2.4,140,1138,1.1,933,17.8,89,835,95.9,20.4,1002.8,1009.8,2230,1002.2,430,1006.2,14.1,0,800,.58,3.79,,,,,,8.9,8.9,20.5,16.6,,,,,,,,,,.6,.9,3.3,
192,2021-05-18,17.8,15.5,2140,23.7,1650,,.3,629,.9,600,2.2,5.5,180,1746,2.6,180,1746,.8,666,15.9,59,1647,89.5,18.1,1006.9,1011.7,2236,1008.6,1612,1010.4,14.1,5,1400,3.15,14.63,,,,,,7.6,6.1,20.9,14.8,,,,,,,,,,2.7,3.9,.2,
192,2021-05-19,20.8,14.3,542,29.1,1432,,,,,,,6.2,160,1557,3.1,200,1603,1,869,14.1,27,1238,70.5,16.2,1007.8,1012.3,809,1009,1641,1011.2,14.1,10.2,1200,3.59,26.17,,,,,,6.4,3.5,23.5,13.1,,,,,,,,,,4.4,6.3,3.8,
192,2021-05-20,15.9,15.3,941,16.7,3,,2.3,1048,5.8,1003,21.8,5.2,360,1046,2.3,340,1048,.6,514,15.2,92,1,96.5,17.3,1001.6,1011.9,1,1001.1,1830,1005,14.1,0,1200,.47,2.9,,,,,,9.8,9.5,18.1,15.3,,,,,,,,,,.8,1.2,18,
192,2021-05-21,17.8,13.9,2247,22,1453,,,,,,,8.7,270,1444,5.1,250,1127,2.2,1889,12.2,48,1513,71.1,14.2,1002.7,1009.9,2247,1001.4,36,1006.1,14.2,5.5,1100,3.68,21.01,,,,,,7.6,6,19.9,12.8,,,,,,,,,,3.7,5.3,,
192,2021-05-22,19,10.5,531,27.1,1541,,,,,,,5.1,230,1440,2.5,200,1338,.9,752,13.7,47,1154,74.8,15.8,1006.1,1011.1,721,1007.1,1645,1009.5,14.2,13.1,1200,3.56,28.96,,,,,,.8,0,22.9,9,,,,,,,,,,4.6,6.6,,
192,2021-05-23,21.1,12.4,523,29,1421,,0,,0,,0,8.8,140,1717,3.2,180,1726,1,857,15.1,44,1322,71.3,17.2,1006.9,1012.3,611,1008.5,1720,1010.3,14.2,10.8,1200,3.44,26.08,,,,,,5.6,3.9,24.3,10.3,,,,,,,,,,4.5,6.5,.7,
192,2021-05-24,21.2,16.1,2349,26,1501,,.2,,.5,650,.7,5.5,160,1629,2.9,180,1629,1,866,15.7,47,2013,72.4,17.9,1003.9,1009.7,2349,1004.5,1512,1007.3,14.2,7.4,1100,3.53,20.68,,,,,,6.5,4,24.4,14,,,,,,,,,,3.5,5.1,0,
192,2021-05-25,17.7,11.5,532,25.2,1417,,0,,0,,0,12.7,230,1214,6.2,270,1358,1.7,1465,7.1,22,1459,57,10.6,1004.5,1011.1,2334,1004.4,1344,1007.9,14.2,10.1,1200,3.65,26.19,,,,,,4.4,1.1,21.9,9.8,,,,,,,,,,5.3,7.5,,
192,2021-05-26,16.8,10.6,511,23.2,1225,,0,,0,,0,5.8,140,2128,2.3,140,2128,.9,763,8.5,36,1422,61.6,11.3,1006.7,1013.2,818,1007.8,1830,1010.1,14.3,3.2,1000,2.89,16.22,,,,,,9.8,5.8,20.7,9.8,,,,,,,,,,2.9,4.1,1.1,
192,2021-05-27,17.5,12.1,2336,24.8,1538,,.3,59,.6,22,1.1,8.7,230,1647,5.1,250,1626,1.4,1221,12.9,46,1750,77.9,15,999.7,1007.9,6,1000.9,1406,1003.1,14.3,7.7,1200,3.72,24.26,,,,,,5.4,4.8,22.8,9.8,,,,,,,,,,4.1,5.9,,
192,2021-05-28,17.5,9,450,24.3,1340,,0,,0,,0,9.8,160,1350,4,250,1908,1.4,1179,12.5,48,1857,75.1,14.7,998.7,1006.7,231,997.3,1429,1002.1,14.3,11,1200,3.49,23.64,,,,,,1.4,1.1,21.2,7.1,,,,,,,,,,3.9,5.5,0,
192,2021-05-29,18.4,10.2,527,25.6,1420,,,,,,,6.3,180,1448,2.9,200,1451,1,834,12.8,42,1156,73.4,14.9,1003,1009,2345,1002.5,1,1006.4,14.3,11.5,1200,3.54,26.47,,,,,,2.4,.9,23.9,8,,,,,,,,,,4.4,6.3,,
192,2021-05-30,19.2,11.1,540,27,1343,,,,,,,7.1,200,1737,3.5,250,1331,1,861,12.1,32,1343,67.9,14.2,1006.3,1011.4,2331,1008,1558,1009.7,14.3,13.1,1200,3.54,28.58,,,,,,.6,.1,25,9.1,,,,,,,,,,4.8,6.8,.6,
192,2021-05-31,20.2,14.3,316,28,1440,,.6,710,.6,,.6,5.6,340,507,2.7,110,1254,1,869,13.7,41,1523,69.6,15.7,1008.4,1014.4,2252,1009.9,1407,1011.8,14.4,10,1200,3.35,25.45,,,,,,3.6,1.1,24.9,12.8,,,,,,,,,,4.9,7,,
192,2021-06-01,20.7,12,528,28.7,1505,,,,,,,5.4,110,1529,3.1,110,1532,.8,707,13.2,31,1416,66.3,15.2,1011.3,1016,819,1013.1,1542,1014.7,14.4,11.4,1200,3.45,25.61,,,,,,4.9,2.1,25.4,10.1,,,,,,,,,,4.4,6.3,,
192,2021-06-02,20.9,15.3,549,28.7,1328,,,,,,,4.9,200,1804,2,180,1524,.8,676,15.2,32,1300,72.8,17.3,1010.1,1015.9,646,1011.9,1741,1013.5,14.4,6,1200,3.26,18.67,,,,,,8.3,1.1,24.3,14.3,,,,,,,,,,3.1,4.5,5.2,
192,2021-06-03,18.4,15.7,323,19.7,1643,,1.2,949,4,933,21,2.6,90,1130,1.3,70,1137,.3,296,17.8,91,628,96.8,20.5,1001.2,1012.3,2,999.3,1940,1004.7,14.4,0,1300,.5,2.98,,,,,,9.4,8.1,20.1,14.3,,,,,,,,,,.9,1.3,17.4,
192,2021-06-04,20.6,14.3,2400,26.5,1405,,.2,,.8,150,1.6,5.8,290,1600,2.8,230,1420,1,846,13.9,37,1322,69.4,16.1,998.7,1004,2227,999.8,246,1002,14.4,10.7,1100,3.87,28.9,,,,,,6.8,3.4,23.8,13.7,,,,,,,,,,5.1,7.3,,
192,2021-06-05,19.8,11,409,26.4,1345,,,,,,,7.9,110,1102,3,110,1342,1.2,1042,15.7,55,953,79,18.2,1000,1005.3,2243,1001.6,1544,1003.4,14.4,12.5,1300,3.31,25.45,,,,,,4.9,.1,23.6,9.8,,,,,,,,,,4.1,5.8,,
192,2021-06-06,21.7,17.7,529,27.2,1356,,,,,,,7.9,250,1337,3.3,180,1248,1.3,1160,17.4,55,1358,78,19.8,1004.9,1012.2,2316,1005.2,37,1008.3,14.4,11.7,1200,3.41,25.12,,,,,,2.5,0,25.5,15.6,,,,,,,,,,4.3,6.1,,
192,2021-06-07,22,15.1,455,28.7,1426,,,,,,,5.5,230,1452,3.2,110,1440,.9,817,17.7,56,1328,78.5,20.3,1010.8,1015.7,2304,1012.2,1,1014.2,14.5,10.5,1000,2.98,25.29,,,,,,3.6,1.4,26.3,13.6,,,,,,,,,,4.2,6.1,,
192,2021-06-08,23.5,18.2,238,31,1400,,,,,,,5.4,180,1546,2.6,200,1458,1,836,18.3,41,1343,75.9,21.1,1012,1016.3,745,1014.2,1723,1015.4,14.5,11.5,1200,3.43,27.59,,,,,,4.9,2.4,28.3,16.8,,,,,,,,,,5,7.2,,
192,2021-06-09,23.6,17.1,516,31.3,1418,,,,,,,5.8,70,1605,3.1,90,1448,.8,734,16.7,35,1540,69.4,19,1012.3,1017.2,759,1013.9,1600,1015.7,14.5,12.4,1200,3.46,28.24,,,,,,4,1,28.8,14.3,,,,,,,,,,5.2,7.4,,
192,2021-06-10,22.4,15.9,503,26.8,1051,,0,,0,,0,5.6,160,2324,2.2,250,1331,.9,737,17.7,45,924,76.4,20.4,1010.3,1015.8,8,1012,2351,1013.8,14.5,4.9,900,2.61,16.43,,,,,,8.5,3.4,26.5,14.8,,,,,,,,,,2.6,3.7,29.8,
192,2021-06-11,21.3,19,624,23.5,1522,,3.6,445,16.9,410,33.1,6.2,110,436,3.4,110,438,.7,635,20.5,87,1,95.1,24.1,1007.7,1012.9,2226,1009.8,711,1011.1,14.5,.7,1300,.98,6.48,,,,,,8.3,7.9,23.3,19.1,,,,,,,,,,1.2,1.8,3.3,
192,2021-06-12,23.6,21,538,27.9,1718,,,,,,,5.9,90,1331,3,110,1542,.9,807,21.1,68,1748,86.8,25.1,1008.2,1012.9,848,1009.7,1758,1011.6,14.5,4.5,1500,2.23,14.71,,,,,,6.8,6.1,25.1,20.6,,,,,,,,,,2.6,3.7,,
192,2021-06-13,24.3,20.6,523,29.8,1341,,,,,,,7.1,180,1251,3,250,1636,.9,771,21.4,62,1342,84.9,25.5,1004.9,1011.4,1,1005.8,1738,1008.2,14.5,7.1,1200,3.35,22.43,,,,,,5,4.1,26.5,19.7,,,,,,,,,,3.8,5.4,,
192,2021-06-14,23.1,20.7,459,27.7,1544,,,,,,,3.7,140,1547,2.1,140,1857,.7,590,20.3,66,1540,85,23.9,1003.2,1007.7,529,1004.6,1822,1006.6,14.5,2.7,1500,1.59,10.99,,,,,,7.6,6.5,24.8,20,,,,,,,,,,2,2.9,,
192,2021-06-15,20.9,19.5,358,23,1106,,1.8,1642,6.6,1615,27.5,3.7,50,1835,1.5,70,1853,.6,504,19.6,80,1106,93.1,22.9,1000.8,1006.7,19,1002.9,1709,1004.2,14.5,0,1000,.69,4.32,,,,,,8.8,7.3,22.4,19,,,,,,,,,,.9,1.2,29.9,
192,2021-06-16,21.2,18.8,413,24.2,1212,,.6,106,1.4,51,2.4,7.1,70,1640,3.3,50,1646,1.3,1149,18,67,1537,82.5,20.7,1001.2,1007.2,2201,1002.5,321,1004.6,14.5,.6,1100,1.34,9.17,,,,,,8.4,7.6,22.2,19,,,,,,,,,,1.9,2.8,,
192,2021-06-17,21.5,19,526,25.1,1335,,.6,2104,1.5,2042,2.3,4.8,340,921,2,340,937,.9,781,18,63,1135,81.6,20.7,1003.2,1008.1,759,1005.2,1646,1006.5,14.5,2.5,1000,2.41,14.29,,,,,,9.6,7.9,23.5,18.2,,,,,,,,,,2.3,3.2,7.2,
192,2021-06-18,20.8,18.9,454,24.2,1400,,.9,508,3.4,428,4.9,5.3,180,2106,2.6,180,1807,.7,573,19.4,79,1534,92.5,22.6,998.8,1005.7,1,999.9,1715,1002.2,14.5,.6,1200,1.67,9.33,,,,,,8.6,7.6,22.9,17.8,,,,,,,,,,2,2.8,0,
192,2021-06-19,23.3,18.5,601,30.3,1501,,,,,,,6.5,160,1805,2.5,160,1810,.8,710,17.8,38,1434,74.8,20.4,997.6,1002.5,2255,999.2,1533,1000.9,14.5,12,1100,3.61,29.94,,,,,,3,2.3,27,17.5,,,,,,,,,,5.2,7.4,,
192,2021-06-20,23.3,16.3,504,29.5,1539,,,,,,,6.8,180,1351,2.8,180,1353,1,848,19,56,1331,78.8,22,998.9,1003.5,829,1001,1745,1002.3,14.5,11.6,1300,3.48,27.13,,,,,,5.6,.9,27,15.7,,,,,,,,,,4.8,6.8,,
192,2021-06-21,23.9,16.2,511,32,1611,,,,,,,7.8,360,1429,3.1,340,1236,1.2,1050,16.2,32,1510,68,18.5,1000.8,1007.7,2315,1002.1,224,1004.2,14.5,12.2,1200,3.68,30.67,,,,,,4.3,1.6,28.1,15.1,,,,,,,,,,6,8.5,,
192,2021-06-22,21.3,16.4,522,27.3,1400,,3.6,1525,5.9,1506,8,4.9,290,1448,2.4,230,1453,.7,629,18.5,60,1436,85.1,21.3,1006.1,1011.2,2209,1007.5,12,1009.5,14.5,5.9,1200,2.99,19.04,,,,,,6.1,4.4,25.5,15.5,,,,,,,,,,3,4.3,8.1,
192,2021-06-23,21.1,18.5,221,25.5,1304,,.1,,.1,,.1,6.4,180,1725,2.3,90,1110,.8,707,18.5,65,1438,86.3,21.3,1007.8,1012.9,2214,1009.8,1553,1011.2,14.5,3.3,900,2.24,13.96,,,,,,7.5,7.1,24.2,18.2,,,,,,,,,,2.4,3.4,0,
192,2021-06-24,21.8,18.1,2352,26.9,1451,,,,,,,6.8,270,1630,3,250,1614,.8,669,18.2,60,1524,81.3,20.9,1008.5,1013.2,746,1010.3,1805,1011.9,14.5,6.8,1300,2.73,21.35,,,,,,6.6,2.8,25.4,16.7,,,,,,,,,,3.5,5,,
192,2021-06-25,22.3,17,305,28.5,1331,,,,,,,5.5,250,1448,3,250,1610,.9,743,17.9,51,1609,78.5,20.6,1007.9,1012.9,805,1009.5,1702,1011.2,14.5,8,1200,3.28,23.83,,,,,,5.6,4.4,26.8,15.8,,,,,,,,,,4,5.8,.7,
192,2021-06-26,22.2,18.8,2339,28,1638,,.2,,.5,622,.7,4.9,250,1733,2.3,250,1737,.7,600,17.7,46,1734,78.1,20.3,1007.2,1012.3,825,1008.9,1707,1010.6,14.5,7.5,1200,3.37,20.47,,,,,,7.8,4.3,25.9,17.3,,,,,,,,,,3.9,5.6,,
192,2021-06-27,23,16.3,419,29.3,1616,,,,,,,4.7,90,1155,2.1,160,1640,.8,658,18.3,51,1158,76.9,21,1004.2,1010.3,1,1005,1723,1007.5,14.5,9.7,1100,3.37,23.28,,,,,,4.1,2,27,15.1,,,,,,,,,,3.9,5.6,,
192,2021-06-28,24.5,20.5,548,30.1,1414,,0,,0,,0,5.7,140,1706,3,70,839,1,905,19.5,52,1431,75.3,22.7,1001.7,1007.1,1,1002.8,1715,1005,14.5,6.6,1300,2.46,19.04,,,,,,7.5,5.3,28.7,19.3,,,,,,,,,,3.4,4.9,.1,
192,2021-06-29,23.8,19.4,547,28.7,1338,,.1,,.1,,.1,5.7,230,1622,2.7,250,1520,.9,759,19.2,58,1249,77.3,22.3,1002.7,1007.7,2305,1004.9,1539,1006.1,14.5,7.1,1200,2.96,20.41,,,,,,7.5,4.4,28.9,17.7,,,,,,,,,,3.4,4.9,,
192,2021-06-30,23.8,19.6,2359,29.5,1619,,,,,,,5.1,140,1608,2.7,110,1621,.9,754,19.3,50,1652,77.5,22.4,1003.9,1008.7,1016,1005.8,1735,1007.3,14.5,6.1,1300,3.29,20.37,,,,,,7.3,4.9,28.5,17.6,,,,,,,,,,3.6,5.2,,
192,2021-07-01,24.9,17.6,528,31.8,1515,,,,,,,5.2,90,1153,2.4,70,1425,.8,732,19.8,48,1506,75.8,23.1,1003.2,1007.9,818,1004.5,1654,1006.6,14.5,11.9,1100,3.55,24.69,,,,,,4.5,1.6,29.3,15.6,,,,,,,,,,4.3,6.1,,
192,2021-07-02,25.1,20.5,455,30.7,1420,,,,,,,5,160,1325,2.7,110,1333,.9,807,20,54,1423,74.8,23.4,1005.6,1011.4,2353,1007.3,19,1008.9,14.5,6.5,1200,3.58,20.23,,,,,,6.4,2.1,28.9,18.9,,,,,,,,,,3.8,5.4,,
192,2021-07-03,22.6,21,308,24.8,915,,3.1,1517,11.5,1314,58.7,7.4,160,2332,2.9,290,2334,.8,650,20.8,74,918,90.4,24.6,1004.3,1011.3,1,1004.1,2359,1007.6,14.5,.1,800,.73,4.28,,,,,,8.6,,23.9,19.2,,,,,,,,,,1.2,1.8,78.7,
192,2021-07-04,25.6,22.4,2312,29.6,1224,,7.3,117,12,117,20.2,10.5,270,1112,4.2,270,625,2.1,1799,22.2,63,1228,82.4,26.8,1002.7,1010.3,2211,1001.9,330,1006.1,14.5,7.4,1100,3.63,21.22,,,,,,8,6.6,26.9,21.7,,,,,,,,,,3.5,4.9,1.8,
192,2021-07-05,21.8,21,2054,22.8,225,,3.7,2314,14.5,2116,39.6,4.7,180,248,1.9,270,149,.6,532,21.1,90,2,96,25,1007.1,1012.7,1023,1008.6,2358,1010.5,14.5,0,1100,.82,5.28,,,,,,9.9,8.1,23.8,21.2,,,,,,,,,,.9,1.2,131.4,
192,2021-07-06,23.2,21.1,1,24.5,538,,8.8,1433,27.3,540,142.7,6.8,230,635,3.3,250,636,.9,810,22.9,95,1302,98.3,27.9,1005,1009.9,2224,1005.7,402,1008.3,14.5,0,1200,.66,2.46,,,,,,10,9.1,23,21.5,,,,,,,,,,.8,1.1,50.2,
192,2021-07-07,24.9,22.6,2356,28.4,936,,8.1,1440,29.3,1433,65.3,5,160,741,2.1,110,748,.8,684,24.2,86,941,96.3,30.2,1004.7,1009.7,25,1005.9,1805,1008,14.4,.2,900,1.18,5.21,,,,,,9.6,8.9,25.1,23.1,,,,,,,,,,1,1.4,64.6,
192,2021-07-08,25.6,22.2,228,29.3,1521,,1.9,1619,4.4,1547,4.8,5.6,250,1612,1.9,200,1450,.7,564,24.4,81,1519,93.8,30.6,1002.3,1007.3,2,1004.4,410,1005.6,14.4,1.9,1000,2.03,12.84,,,,,,9.6,8.1,27.2,22.7,,,,,,,,,,2.1,3,13.5,
192,2021-07-09,26.1,23.5,612,29.6,1305,,3.3,108,6.6,52,9,6.3,160,1353,2.6,180,1450,1,894,24.3,72,1439,90.1,30.3,1002,1007.5,2330,1004,332,1005.3,14.4,5.9,1400,2.93,18.62,,,,,,7.6,5.9,28.5,23,,,,,,,,,,3.3,4.8,.1,
192,2021-07-10,26,22.5,412,29.6,1331,,,,,,,6.9,110,1336,2.8,200,1247,1,877,23.3,68,1210,86,28.6,1005.3,1011,2346,1007,158,1008.6,14.4,10.3,1100,3.16,23.86,,,,,,5.3,2.3,28.4,21.6,,,,,,,,,,4.1,5.9,,
192,2021-07-11,27.1,23.6,312,31.2,1555,,,,,,,6.4,250,1224,2.6,180,1217,1,886,24.3,70,1109,85.4,30.4,1007.4,1012.2,839,1009.2,1625,1010.7,14.4,10.6,1200,3.54,23.81,,,,,,6.1,3.5,29.4,22.7,,,,,,,,,,4,5.7,,
192,2021-07-12,27.6,24.8,545,32.7,1413,,,,,,,6.5,200,1647,2.7,200,1351,1,825,24.8,64,1416,85.5,31.3,1007.3,1011.8,825,1009.4,1743,1010.6,14.4,8.1,1200,3.43,21.74,,,,,,7.6,3.9,30.8,24.6,,,,,,,,,,4.1,5.8,,
192,2021-07-13,27.5,23.8,501,31.8,1357,,,,,,,6.2,180,1506,2.7,270,1421,.9,785,24.8,65,1337,86.3,31.4,1008,1012.7,2333,1010.3,1608,1011.3,14.4,10.1,1300,3.32,24.5,,,,,,6.3,2.4,31.8,22.8,,,,,,,,,,4.2,6,,
192,2021-07-14,27.8,24.2,225,32.3,1422,,,,,,,7.7,230,1403,2.8,180,1404,.9,785,25,69,1319,85.5,31.7,1009.9,1014.6,2356,1012.2,1614,1013.2,14.3,10.7,1300,3.23,25.58,,,,,,6,4,32.1,23.7,,,,,,,,,,4.5,6.4,,
192,2021-07-15,26.8,23.5,428,31.2,1147,,,,,,,5.9,180,1431,2.9,110,1156,.8,648,24.4,68,1120,87.8,30.5,1011.7,1015.9,839,1014,1553,1015,14.3,6,1100,2.87,18.15,,,,,,6.5,3.1,30.9,22.7,,,,,,,,,,3.1,4.4,,
192,2021-07-16,24.7,22.3,2359,32.5,1312,,9.2,1423,16.1,1417,16.2,8.2,200,1436,4.3,200,1440,.7,640,23,61,1307,91.9,28.1,1011.6,1016.4,650,1012.8,1411,1015,14.3,4,1100,3.03,16.25,,,,,,6.5,5.1,26.8,22.2,,,,,,,,,,2.9,4.1,16.2,
192,2021-07-17,25.2,21.3,503,30.5,1444,,.2,,.2,,.2,7.8,90,1319,4,110,1346,1.4,1233,22.2,64,1614,84.6,26.8,1009.1,1014.3,7,1010.7,1543,1012.4,14.3,6.8,1300,3.34,20.6,,,,,,7.5,6.5,27.5,21.2,,,,,,,,,,4,5.7,.2,
192,2021-07-18,26,21.8,532,31.5,1526,,,,,,,7.3,110,1737,3.9,90,1743,1.3,1106,22.4,62,1429,81.3,27,1008.6,1013.2,2237,1010.4,1548,1011.9,14.2,6.8,1500,2.73,19.36,,,,,,7.4,5.1,28.1,21.6,,,,,,,,,,3.3,4.8,1.1,
192,2021-07-19,26.2,23.1,629,29.9,1234,,.3,431,.7,417,1.1,4,90,2049,2.2,90,2055,.6,522,23.5,68,1254,86.1,29,1010.2,1014.7,2242,1012.5,247,1013.5,14.2,4,1200,2.49,15.01,,,,,,9.5,6.4,27.8,23.6,,,,,,,,,,2.8,4,0,
192,2021-07-20,26.9,23.7,523,31.2,1352,,0,,0,,0,4,110,1057,1.9,90,1102,.6,529,23.9,56,1347,84.9,29.7,1010.9,1015.7,756,1012.5,1803,1014.2,14.2,7,1400,2.17,16.71,,,,,,8.4,3,29.3,23.5,,,,,,,,,,3,4.3,,
192,2021-07-21,27,21.7,543,33.1,1614,,,,,,,5,50,1028,2.7,70,1241,.9,742,22.9,56,1228,80.3,28,1009.1,1014.2,15,1010.3,1656,1012.5,14.2,10.5,1100,2.92,20.65,,,,,,7.4,.6,29.6,21.2,,,,,,,,,,3.9,5.5,,
192,2021-07-22,26.7,21.1,517,32.7,1449,,,,,,,6,360,938,3.1,50,1008,.9,760,22.6,57,1454,80,27.5,1007.8,1012.9,1,1009.3,1759,1011.1,14.2,9,1100,3.48,21.07,,,,,,5.4,1.6,30.2,20.1,,,,,,,,,,3.8,5.4,,
192,2021-07-23,26.9,21.6,346,32.3,1407,,,,,,,5.5,50,1223,2.4,20,1209,.8,709,22.8,57,1301,80.1,27.7,1006.2,1011.1,756,1007.9,1745,1009.5,14.1,9.8,1100,3.09,21.03,,,,,,7.6,1.1,29.4,20.7,,,,,,,,,,3.9,5.5,,
192,2021-07-24,27.3,23.2,2343,33.4,1534,,,,,,,5.1,90,1350,2.6,110,1346,.8,716,23.3,58,1537,80.4,28.6,1005.2,1009.9,641,1007.1,1649,1008.5,14.1,10.7,1200,3.05,21.84,,,,,,8.1,2.5,31.5,22.5,,,,,,,,,,4,5.7,,
192,2021-07-25,26.8,22.4,2353,32.2,1527,,,,,,,7.1,110,1222,3,110,1229,1.1,923,22.4,55,1258,78.5,27,1003.8,1008.6,520,1005.6,1552,1007.1,14.1,7.7,1100,3.15,22.19,,,,,,7.3,2.1,30.7,21.5,,,,,,,,,,4.6,6.5,,
192,2021-07-26,26.4,21.5,410,33.1,1343,,,,,,,7,110,1635,3.5,110,1854,1.2,1003,21.7,50,1405,77.1,26,1001.7,1007.1,1,1003.5,1511,1005.1,14.1,11.1,1200,2.94,24.24,,,,,,3.9,3,31.1,20.7,,,,,,,,,,4.6,6.6,,
192,2021-07-27,26.9,20.8,533,33.4,1422,,,,,,,5.3,180,1641,2.7,180,1647,.8,681,22.3,53,1416,77.8,27,1000.1,1005.1,1,1001.5,1607,1003.4,14,10.4,1100,3.07,23.01,,,,,,4.4,3.3,31.9,20.2,,,,,,,,,,4.2,6,,
192,2021-07-28,27.8,22.7,546,34,1434,,,,,,,7,200,1545,2.5,180,1638,.8,693,23.4,50,1435,78.5,28.7,999.9,1004.7,729,1001.1,1621,1003.2,14,11.1,1200,2.93,25.63,,,,,,2.9,2,33.8,21.2,,,,,,,,,,4.8,6.9,,
192,2021-07-29,27.7,23.2,536,33.3,1402,,,,,,,7.2,230,1546,3.1,250,1508,1,821,23.1,57,1312,78,28.3,999.3,1004,1,1001.2,1521,1002.6,14,12,1200,3.23,26.33,,,,,,5.4,.3,34.5,22.2,,,,,,,,,,4.7,6.7,,
192,2021-07-30,27.4,22.7,438,33.2,1336,,,,,,,5.8,200,1241,3.1,250,1301,.9,783,23.2,49,1320,80,28.5,998.4,1002.9,636,1000.5,1700,1001.7,14,10.5,1200,3.46,24.01,,,,,,5.6,2.3,32.5,21.7,,,,,,,,,,4.4,6.4,1.5,
192,2021-07-31,28.9,25.2,418,33.5,1433,,1.1,315,1.4,315,1.5,6,180,1357,2.7,200,1400,.8,671,25.5,61,1400,83.4,32.7,997.5,1002.4,750,999.1,1754,1000.7,13.9,7.1,1400,3.08,19.76,,,,,,5.8,3.1,33.1,25.3,,,,,,,,,,3.8,5.4,,
192,2021-08-01,28.9,25.6,521,34.4,1330,,,,,,,8,180,1820,2.9,180,1647,.9,795,25.2,58,1229,81.5,32,997.4,1002.2,2340,998.5,1614,1000.7,13.9,9.3,1200,3.29,22.61,,,,,,6.8,4.4,33.7,25.1,,,,,,,,,,4.5,6.4,,
192,2021-08-02,28.3,25.6,453,32.5,1300,,,,,,,7.2,250,1248,3,270,1047,1,854,24.6,62,1350,81.1,30.9,1000.4,1006.3,2330,1001.5,219,1003.7,13.9,8.2,1200,3.06,21.72,,,,,,7.9,5.1,34.1,25.2,,,,,,,,,,4.1,5.9,,
192,2021-08-03,27.7,24.2,523,32.7,1327,,,,,,,5.6,180,1305,2.8,110,919,.9,798,24.1,62,1356,81.6,30,1004.9,1010.3,2331,1005.6,118,1008.2,13.9,8.9,1300,2.91,19.75,,,,,,6.7,,33.8,23.5,,,,,,,,,,3.6,5.1,,
192,2021-08-04,28.6,23.5,425,35.3,1434,,,,,,,5.1,180,1501,2.8,230,1601,.8,690,23.3,50,1554,75.5,28.7,1005.8,1010.9,803,1007.1,1635,1009.1,13.8,10,1300,3.39,24.47,,,,,,3.4,1.9,35.6,22.5,,,,,,,,,,5,7.1,,
192,2021-08-05,29,23,521,36.4,1446,,,,,,,5.1,70,1610,2.2,140,1619,.7,588,23.7,49,1443,75.6,29.3,1002.6,1008.7,1,1003.4,1744,1005.9,13.8,10.7,1100,3.35,22.28,,,,,,2.9,1.3,34.3,22.1,,,,,,,,,,4.2,6.1,,
192,2021-08-06,29.1,22.5,537,36.9,1425,,,,,,,5.5,70,1056,2.7,250,1622,.8,733,22.7,41,1359,72,27.7,999.6,1005.1,1,1000.7,1551,1002.8,13.8,11.4,1200,3.51,26.55,,,,,,2.8,.8,35.6,21.1,,,,,,,,,,5.3,7.6,,
192,2021-08-07,29.1,23.1,422,37.5,1458,,16.9,2224,64.2,2141,78.8,7.1,50,2150,3.2,50,2145,1,880,23.2,44,1415,73.3,28.4,999.2,1005.3,2222,1000.4,1532,1002.4,13.7,10.4,1200,3.5,24.19,,,,,,5.5,3.9,36.9,22.2,,,,,,,,,,4.5,6.4,79.2,
192,2021-08-08,25.4,22.5,611,28.6,1136,,.2,,.4,,.5,4.5,70,1310,2.1,50,1248,.8,725,23.2,78,1237,88.1,28.4,998.9,1004.6,1,1000.2,2326,1002.2,13.7,1.2,900,1.76,8.04,,,,,,8.5,5.1,26.5,22.3,,,,,,,,,,1.9,2.7,.1,
192,2021-08-09,27.8,22.6,620,33.9,1522,,0,,0,,0,5,70,1505,2.9,250,2129,1.1,989,21.9,47,1442,72.6,26.3,999.3,1006.5,2228,999.9,50,1002.6,13.7,8.6,1100,3.32,21.44,,,,,,5.7,4.6,30,22,,,,,,,,,,3.9,5.6,0,
192,2021-08-10,26.3,23.5,2345,31.2,1458,,0,,0,,0,7.8,160,1510,2.9,110,1001,1.1,920,22.8,61,1434,81.9,27.7,1005.4,1011.2,2349,1006.1,1,1008.8,13.6,7.7,1300,3.56,22.63,,,,,,8.1,6.1,29.6,23.6,,,,,,,,,,3.9,5.6,,
192,2021-08-11,25.5,22.3,537,30.7,1404,,,,,,,7,140,1735,2.9,270,1447,1,842,22.5,65,1238,84.6,27.3,1007.5,1011.9,905,1009.1,1622,1010.8,13.6,8.3,1300,3.36,21.19,,,,,,6.3,4.9,28.8,22.5,,,,,,,,,,3.8,5.5,,
192,2021-08-12,25.6,21.2,536,30.8,1535,,.3,1958,.5,1908,.5,5.5,20,930,2.1,70,949,.8,679,22.4,60,1542,84,27.2,1006.3,1011.8,923,1008.1,2340,1009.6,13.6,6.9,1200,2.62,17.11,,,,,,8,4.8,28.4,21.1,,,,,,,,,,2.8,4,.8,
192,2021-08-13,25.3,23.3,525,28.8,1515,,.2,,.2,,.5,5.1,90,1528,2,70,1316,.7,635,22.7,67,1507,86.9,27.7,1002.6,1008.2,1,1004.3,1806,1005.9,13.6,.7,1300,1.49,9.23,,,,,,10,7,27,23.6,,,,,,,,,,1.7,2.4,9,
192,2021-08-14,23.3,21.2,2353,27.6,1646,,.6,230,2.1,615,11.2,5.2,340,1655,2.3,20,1638,.8,690,21.1,61,1726,88.1,25,1003.9,1010.7,2335,1005.2,414,1007.2,13.5,3.4,1500,1.69,9.53,,,,,,9.3,5.9,25.3,21.2,,,,,,,,,,2.1,3,2.4,
192,2021-08-15,25,19.8,601,30.2,1606,,,,,,,6.8,70,1813,3.4,90,2028,1.2,1038,20.4,55,1410,77,24,1010.3,1016.2,2339,1010.6,5,1013.7,13.5,9.9,1200,3.05,21.56,,,,,,7.5,4.3,27.4,19.9,,,,,,,,,,3.9,5.6,,
192,2021-08-16,24.6,20.7,535,30.2,1435,,0,,0,,0,7.1,20,1021,3.8,70,1215,1.1,978,20,55,1439,76.3,23.3,1010.5,1016,1,1011.8,1533,1013.8,13.5,6.8,1000,2.75,18.83,,,,,,6.5,,26.7,20.3,,,,,,,,,,3.4,4.8,0,
192,2021-08-17,24.5,20.7,2355,28.6,1232,,0,,0,,0,6.3,340,1009,3,50,945,1.3,1122,19.8,64,1221,75.9,23.1,1005.5,1012.5,1,1007,1552,1008.9,13.4,3.5,900,2.15,12.3,,,,,,7,,25.3,20.5,,,,,,,,,,2.6,3.7,0,
192,2021-08-18,24.5,20.1,402,28.7,1525,,,,,,,6.1,360,1319,3.2,20,1319,1.3,1117,19.8,60,1653,75.8,23,1005.9,1010.2,2041,1007.9,1550,1009.2,13.4,7.3,1300,2.97,19.48,,,,,,7.3,6.3,26.7,19.6,,,,,,,,,,3.5,5,,
192,2021-08-19,24.5,21.1,2350,30.9,1548,,5.5,2117,11.8,2058,12,7.7,180,1725,3.1,180,1729,1.1,943,20,51,1527,77.6,23.4,1008.2,1014.1,2347,1009.8,348,1011.5,13.4,6.9,1300,3.46,22.22,,,,,,6.4,4.9,28.3,20,,,,,,,,,,4.1,5.9,12,
192,2021-08-20,24.2,19.6,338,30,1409,,.3,2300,.3,,.3,5.9,180,1515,2.7,180,1516,.8,712,21.1,62,1423,84.5,25,1009.6,1014.5,820,1011.5,1748,1013,13.3,9.1,1300,2.99,20.96,,,,,,5,3,27.8,20,,,,,,,,,,3.4,4.9,19.2,
192,2021-08-21,23.1,21.8,1519,24.7,1115,,8.4,950,17.8,1904,72.7,9.6,230,1024,4.1,250,1029,1.1,982,22.3,92,1145,95.8,27,1003.4,1011.8,1,1003.1,1517,1006.7,13.3,0,1100,.64,2.59,,,,,,8.8,7.4,24,21.8,,,,,,,,,,.8,1.1,53.8,
192,2021-08-22,25.6,22,427,30.8,1534,,,,,,,5.2,230,1603,2.4,250,1519,.9,794,22.6,58,1545,85.1,27.5,1005.7,1011,2312,1006.6,500,1009.1,13.3,7.2,1400,2.95,19.23,,,,,,7.8,4.8,27.8,20.7,,,,,,,,,,3.3,4.8,2.6,
192,2021-08-23,23.3,22.5,1802,24.8,19,,7.8,2241,21.7,2207,102.3,4.8,20,2324,2.2,360,2357,.8,649,22.9,92,14,97.6,27.9,1005,1012,1051,999.6,2356,1008.4,13.2,0,1200,.83,3.34,,,,,,9.8,9.1,24.7,22.7,,,,,,,,,,.7,.9,106.2,
192,2021-08-24,26,23.1,1,29.2,1713,,8.3,931,12.9,920,20.7,9.2,110,1018,3.6,160,1020,1.4,1247,24.4,78,1718,91.1,30.5,998.7,1005.3,2400,999.5,3,1002,13.2,.9,1100,.82,4.85,,,,,,8.7,8.3,25.1,22.8,,,,,,,,,,1.1,1.6,17.3,
192,2021-08-25,25,23.7,325,26.4,1745,,2.2,1121,2.9,1050,8.1,4.1,180,2011,2.3,160,2014,.6,484,24.1,90,22,95.1,30,1004,1009.2,2356,1005.1,52,1007.3,13.2,.6,1200,1.14,5.3,,,,,,8,7.1,25.4,23.2,,,,,,,,,,1.1,1.6,5,
192,2021-08-26,26.1,21.7,2341,31.3,1437,,,,,,,5,180,1617,2.3,110,1348,.7,636,23.1,59,1415,85.5,28.4,1009.4,1014.6,2124,1008.7,129,1012.7,13.1,10.4,1200,3.29,23.12,,,,,,5,2.6,28.4,21.2,,,,,,,,,,4.2,6,.2,
192,2021-08-27,25.4,21.2,134,31.4,1309,,.4,1713,.7,1640,1,7.5,140,1519,2.9,180,1433,.8,730,23.2,67,1454,88.6,28.5,1009.2,1014.5,2,1010.2,1544,1012.5,13.1,4.6,1400,2.44,16.09,,,,,,7.3,6.6,27.8,20.7,,,,,,,,,,2.9,4.1,.8,
192,2021-08-28,26,22.7,559,31.5,1438,,0,,0,,0,4.5,360,52,2.2,320,58,.8,665,22.4,56,1414,82.3,27.2,1010.1,1014.9,803,1012.4,18,1013.4,13.1,5.9,1200,3.22,18.27,,,,,,7.6,,28.1,22.8,,,,,,,,,,3.2,4.6,0,
192,2021-08-29,25.6,23.2,149,30.8,1231,,3.8,1312,9.9,1257,9.9,5.7,140,1630,2.9,230,1314,.7,606,23.9,70,1234,91,29.7,1009.7,1014.4,2343,1012.1,1257,1013,13,3.3,1100,2.17,11.59,,,,,,6.9,5.6,27.1,23.1,,,,,,,,,,2.2,3.1,9.9,
192,2021-08-30,26.5,23.7,48,31,1432,,.7,2004,1.7,1941,1.7,3.3,20,1145,1.7,290,1034,.6,551,23.6,63,1434,85.8,29.2,1011.8,1016.2,2116,1013.9,150,1015.2,13,6.4,1200,2.88,16.55,,,,,,6.5,4.5,29,23.7,,,,,,,,,,2.8,4,1.7,
192,2021-08-31,26.2,22.7,550,31.5,1408,,,,,,,5,200,1713,2.2,140,1338,.8,729,23.2,60,1413,84.4,28.4,1011,1016.5,648,1012.3,2358,1014.3,13,7.4,1300,2.92,18.24,,,,,,7.5,4.6,28.9,23.2,,,,,,,,,,3.2,4.6,0,
192,2021-09-01,25.8,22.5,2342,29.5,1348,,.2,,.3,1036,.4,6,250,1307,2.4,180,1450,1,883,23.8,77,1401,89,29.5,1005.9,1012.6,18,1006.9,1711,1009.2,12.9,2.2,1300,2.45,8.29,,,,,,9.5,7.9,27.8,22.1,,,,,,,,,,1.6,2.3,.6,
192,2021-09-02,21.8,19.8,2346,24.2,1218,,.9,1649,1.6,1607,5.1,3.4,70,1712,1.8,70,1717,.7,582,20.4,79,1247,92.1,24,1006.8,1011.9,1029,1009,1710,1010.2,12.9,0,1100,.72,4.21,,,,,,8.5,8.1,24.9,20.6,,,,,,,,,,.8,1.2,5.4,
192,2021-09-03,20.6,19.3,837,22.4,1355,,.3,835,.4,829,.6,3.9,340,1425,2,340,1711,.9,741,19.4,88,1202,92.6,22.5,1006.5,1013.1,2346,1008.3,407,1009.9,12.8,0,1300,.84,5.23,,,,,,5.5,5.5,23.6,20.2,,,,,,,,,,1.1,1.6,.1,
192,2021-09-04,22.5,18.5,616,27,1358,,,,,,,5.1,360,1032,2.4,340,1116,.8,659,19.1,61,1516,82.9,22.2,1011.5,1017.3,2240,1012.7,110,1014.9,12.8,6.2,1000,2.1,15.16,,,,,,8.9,6.3,25.5,18.7,,,,,,,,,,2.5,3.6,,
192,2021-09-05,21.4,19.2,443,24.8,1011,,.2,,.4,1340,.5,4.2,360,2305,2.3,340,2311,.6,520,18.3,68,1012,83.4,21.1,1014.8,1019.9,2301,1016.6,156,1018.2,12.8,1,900,1.51,7.25,,,,,,9.5,8.9,24,19.7,,,,,,,,,,1.4,1.9,.5,
192,2021-09-06,21.1,18.8,514,23.5,1053,,.6,1346,1.8,1328,3.2,3.9,290,1326,1.8,270,1308,.6,519,19.4,74,35,90.5,22.6,1013.9,1019.8,13,1015.5,2400,1017.3,12.7,.1,1000,1.17,6.29,,,,,,9.4,8.1,23.9,19.5,,,,,,,,,,1,1.4,3.3,
192,2021-09-07,21.7,19.2,302,24.6,1703,,.3,1034,.3,1018,.5,5.7,250,2002,2.9,230,2059,.6,505,20.3,84,2244,92.5,23.9,1006.8,1015.6,7,1007.1,1644,1010.1,12.7,.2,1400,.71,4.9,,,,,,8.6,7.8,23.6,20.1,,,,,,,,,,1,1.5,.4,
192,2021-09-08,23.6,19.8,610,29.6,1511,,,,,,,3.9,70,1554,1.7,270,1435,.6,480,20.1,52,1354,82.6,23.5,1006.7,1013.2,2345,1007.6,349,1010.1,12.7,7.4,1300,3.12,19.7,,,,,,6.3,5,26.7,20.2,,,,,,,,,,3.4,4.9,,
192,2021-09-09,22.4,17.3,537,28.3,1501,,,,,,,3.4,250,1843,1.8,270,1340,.6,498,19.4,57,1603,84.8,22.6,1010.6,1015.2,924,1012.6,1540,1014,12.6,7.4,1300,2.29,16.35,,,,,,7,3.6,25.8,17.6,,,,,,,,,,2.5,3.6,.4,
192,2021-09-10,21.2,19.2,2400,24.7,1618,,.4,951,.6,901,1,3.6,340,831,1.5,180,1000,.5,396,19.7,73,1403,91.9,23,1010.8,1015.4,1104,1013.1,1627,1014.2,12.6,2.2,1300,1.16,6.65,,,,,,8.3,5.5,23.7,19.5,,,,,,,,,,1.2,1.7,.6,
192,2021-09-11,23.2,18.7,158,30,1535,,,,,,,3.7,230,1820,2,200,1828,.8,695,20,54,1446,84.5,23.4,1009.5,1014.5,9,1010.3,1634,1012.8,12.6,8.1,1200,3.18,20.62,,,,,,1.9,1.5,26.1,18.7,,,,,,,,,,3.9,5.5,,
192,2021-09-12,23.2,18.1,541,29.8,1543,,,,,,,3.7,70,1458,2,90,1110,.6,511,20.5,56,1601,86,24.1,1009.9,1016.1,2351,1011.4,438,1013.2,12.5,7.7,1300,2.33,16.8,,,,,,7.6,2.4,26.2,18.6,,,,,,,,,,2.8,3.9,,
192,2021-09-13,22.9,18.5,621,26.7,1350,,,,,,,7.6,90,1222,3.6,50,1148,1,841,18.5,60,1548,78.1,21.3,1013.4,1018.5,1009,1015.9,1,1016.8,12.5,2.6,1100,1.8,11.38,,,,,,9.4,3.3,24.3,18.2,,,,,,,,,,2.1,3,3.9,
192,2021-09-14,21.5,19.3,700,22.7,1453,,.6,556,2,701,4.2,5,360,1554,2.2,20,1251,1.1,930,18.2,74,12,82.1,20.9,1011.2,1016.6,1,1013.1,1552,1014.6,12.5,0,1100,.79,4.27,,,,,,9.8,9.4,22.7,19.8,,,,,,,,,,1.3,1.8,.3,
192,2021-09-15,23.4,19.5,2355,28.5,1511,,,,,,,9.9,90,1157,4.5,70,1106,1.9,1670,16,48,1451,64.3,18.2,1011.7,1016.6,2132,1013.6,1526,1015.1,12.4,8.8,1300,2.42,18.2,,,,,,7.4,5.9,24.4,16.7,,,,,,,,,,3.7,5.3,,
192,2021-09-16,20.8,16.2,538,23.7,1008,,.4,2007,1.2,1953,1.6,5,50,1150,2.4,70,1027,.7,597,17.8,66,917,83.8,20.5,1009.1,1016,6,1010.3,2356,1012.5,12.4,2.6,900,1.37,6.77,,,,,,7.9,6.3,22.2,15.1,,,,,,,,,,1,1.5,13.5,
192,2021-09-17,20.8,19,649,23.8,1534,,3.2,626,5.6,621,14,11,360,1435,4.7,360,1614,1.7,1429,18.1,71,1536,85.3,20.8,1004.5,1011,2312,1004.8,1508,1007.9,12.3,3.1,1500,2.29,7.08,,,,,,8.4,8.1,22.3,19.1,,,,,,,,,,1.6,2.2,2.1,
192,2021-09-18,22,17.7,401,28.1,1510,,,,,,,4.8,70,1138,2.3,70,1139,.6,479,17.7,51,1507,79.1,20.3,1011,1017.2,2345,1011,1,1014.4,12.3,7.2,1100,2.69,16.25,,,,,,6.3,4.3,24.3,16.2,,,,,,,,,,2.9,4.2,,
192,2021-09-19,21.4,15.3,611,28.2,1503,,,,,,,6.3,140,1217,2.7,90,1322,.7,613,17.4,52,1506,80.6,19.9,1012.7,1017.8,731,1014.2,1706,1016.1,12.3,10.4,1100,3.37,22.15,,,,,,2.5,1.4,24.4,13.8,,,,,,,,,,3.7,5.4,,
192,2021-09-20,21.8,15.1,542,27.1,1513,,0,,0,,0,5.6,90,1615,3.3,90,1618,1,850,18.7,65,1238,83.9,21.7,1009.6,1016.1,2,1010.8,1636,1013,12.2,7.4,1000,2.34,15.69,,,,,,5.8,5.6,24.2,13.6,,,,,,,,,,2.6,3.7,7.8,
192,2021-09-21,23.3,20,2302,26.1,1629,,4.5,818,7.7,739,8,8.7,110,721,3.1,110,722,1.2,1023,21.4,76,1516,89.3,25.5,1003.9,1010.9,1,1005.4,1530,1007.2,12.2,3.4,1400,1.93,7.78,,,,,,5.6,5.1,24.8,17.4,,,,,,,,,,1.6,2.3,.2,
192,2021-09-22,21.9,17.2,652,27.1,1128,,1.8,1139,1.8,,1.8,11.2,270,1141,4.3,250,1149,1.3,1092,18.7,56,2243,83.4,21.6,1006.6,1013.1,2400,1008,9,1010,12.2,9.8,1000,2.57,18.34,,,,,,3.1,1.1,24.6,16.2,,,,,,,,,,3.1,4.4,1.8,
192,2021-09-23,20.4,14.4,632,28.1,1500,,,,,,,5.5,360,1427,2.5,290,1429,.6,519,15.6,42,1454,77.8,17.7,1013.5,1020.5,2356,1013.1,1,1016.9,12.1,10.2,1100,3.04,21.15,,,,,,2.6,.3,23.5,12.6,,,,,,,,,,3.9,5.6,,
192,2021-09-24,19.9,13.6,541,27.3,1426,,,,,,,6.9,110,1735,3,90,1740,.8,711,15.6,48,1304,78.4,17.8,1018.8,1023.7,2321,1020.4,1,1022.3,12.1,7.1,1300,2.97,17.32,,,,,,5.3,3.3,22.7,12.1,,,,,,,,,,2.9,4.2,,
192,2021-09-25,20.6,15.5,446,26.7,1228,,0,,0,,0,7.3,70,1405,2.9,90,1240,.9,780,17.5,61,1237,83.5,20,1018.8,1023.9,915,1020.6,1508,1022.2,12.1,3.9,1000,2.35,12.27,,,,,,6.8,,22.1,13.8,,,,,,,,,,2.1,3,0,
192,2021-09-26,21.5,18.1,404,26,1444,,,,,,,5.3,20,1006,2.4,70,1247,1,854,16.2,55,1457,73,18.4,1016.7,1022.6,24,1018.4,1520,1020.1,12,4.6,1200,2.2,12.99,,,,,,9,7.8,23.1,17.1,,,,,,,,,,2.4,3.4,,
192,2021-09-27,21.6,18.2,157,26.1,1526,,,,,,,6,70,1156,2.9,50,1203,.9,753,16.5,56,1531,73.6,18.8,1012.6,1018.9,1,1014.2,1634,1016,12,7.9,1100,2.45,15.93,,,,,,8.6,7.3,23.6,17,,,,,,,,,,2.6,3.8,.1,
192,2021-09-28,21.7,18.7,410,25.2,1259,,.1,,.1,,.2,3.6,20,1021,1.8,360,1026,.5,444,18.6,65,1147,83.4,21.5,1010.1,1015.3,1,1011.9,1524,1013.5,11.9,1.8,1200,2.08,10.13,,,,,,7.3,7,23.3,18.7,,,,,,,,,,1.7,2.4,5.4,
192,2021-09-29,22.2,20.6,713,26.1,1327,,13.7,1719,32,1711,51.4,7.6,250,1731,2.8,230,1734,.6,477,21.6,85,1329,96.6,25.8,1005.7,1012.1,1,1006.6,1539,1009,11.9,1.4,1200,1.85,6.58,,,,,,9.4,8.4,23.9,20.8,,,,,,,,,,1.2,1.7,76,
192,2021-09-30,21.7,16.9,2355,27.4,1457,,3.5,36,12.6,410,29.9,5.5,50,1423,3.1,110,1315,.7,617,19.6,57,1636,88.9,22.8,1004.7,1009.3,2227,1006.7,1518,1008,11.9,5.5,1200,3.03,13.95,,,,,,3.1,3,24,15.3,,,,,,,,,,2.7,3.9,,
192,2021-10-01,20.8,14.1,612,28.6,1540,,,,,,,5,110,1759,2.4,200,1742,.6,537,17.5,51,1607,83.8,20.1,1005.6,1011.6,2334,1006.7,1500,1009,11.8,10.5,1200,2.81,19.83,,,,,,1.6,.9,23.5,13.1,,,,,,,,,,3.4,4.8,,
192,2021-10-02,21.5,15.8,541,29,1454,,,,,,,3.4,110,955,1.9,110,955,.6,552,18,45,1541,83.3,20.7,1010.8,1018.2,2346,1010.5,136,1014.2,11.8,10.4,1200,2.84,19.43,,,,,,0,0,23.6,14.3,,,,,,,,,,3.3,4.7,,
192,2021-10-03,20.6,15.6,552,28.9,1432,,,,,,,4.8,200,1314,2.4,140,1314,.5,417,17.5,44,1345,85.3,20.1,1017.5,1022.9,2202,1018.2,1,1020.9,11.8,7.6,1200,2.79,17.09,,,,,,3.7,1.3,22.5,13.8,,,,,,,,,,3,4.3,,
192,2021-10-04,23,16.3,453,29.3,1352,,,,,,,8.4,290,1451,3.4,250,1347,.9,793,19.9,57,1345,84.9,23.4,1018.5,1023.1,923,1020.3,1547,1021.9,11.7,8.6,1200,2.3,16.31,,,,,,4.8,2.5,23.6,15.3,,,,,,,,,,2.7,3.8,,
192,2021-10-05,23.1,19.3,243,29.4,1328,,,,,,,6.3,90,1515,2.6,110,1505,.7,585,20.6,61,1246,87.4,24.3,1017.8,1023.4,853,1019.1,1506,1021.2,11.7,8.2,1200,2.69,17.14,,,,,,2.8,1.9,24.3,17,,,,,,,,,,3.1,4.4,,
192,2021-10-06,22.3,17.2,430,28.7,1419,,,,,,,4.2,200,1733,2.1,180,1726,.6,514,18.9,53,1325,82.8,21.8,1016,1022.2,827,1016.6,1736,1019.4,11.7,8.1,1200,2.67,17.14,,,,,,4.6,3.4,24.2,15.3,,,,,,,,,,3,4.2,,
192,2021-10-07,22.3,17.9,630,27.7,1412,,,,,,,4.6,110,1522,2.6,110,1526,.6,556,19.1,59,1248,83.6,22.1,1013.7,1018.5,1,1015.2,1620,1017.1,11.6,9.9,1100,2.62,16.3,,,,,,6.1,3.4,24,16.2,,,,,,,,,,2.6,3.7,0,
192,2021-10-08,22.5,18.8,546,27.8,1426,,0,,0,,0,5.5,90,1817,2.5,70,1712,.7,617,19.6,61,1500,84.4,22.8,1016.7,1022.3,2229,1018,5,1020.1,11.6,4.5,1300,2.02,11.05,,,,,,8.1,7.3,23.5,17.8,,,,,,,,,,2,2.9,0,
192,2021-10-09,22.5,18.1,618,29,1426,,,,,,,4.8,70,1017,2.3,110,1405,.6,527,19.3,56,1510,83.8,22.4,1018.5,1023.6,752,1019.9,1512,1021.9,11.5,9.7,1100,2.57,16.49,,,,,,4,1.5,23.9,16.6,,,,,,,,,,2.8,4.1,,
192,2021-10-10,23.2,17.4,421,29.3,1418,,5.7,2148,10.7,2126,13.2,5.6,180,1603,2.2,180,1313,1,825,20.5,64,1220,86.1,24.2,1015.2,1021.5,1,1016.3,1651,1018.6,11.5,8.6,1200,2.53,15.97,,,,,,6.5,4.4,24.5,16.1,,,,,,,,,,2.6,3.7,20.6,
192,2021-10-11,18.6,16.2,2000,22.8,319,,2.4,357,5.9,323,19.8,4.8,360,1303,2.1,340,526,.9,786,17.9,90,958,95.9,20.6,1015.8,1022,2246,1016,429,1019.3,11.5,0,1100,.4,2.54,,,,,,9.4,9.3,21.1,17.2,,,,,,,,,,.5,.7,19,
192,2021-10-12,16.3,15.8,1114,16.7,1,,.6,523,1.9,518,6.7,5.3,360,1503,2.4,360,1505,1.1,932,15.1,86,1654,92.6,17.1,1021.2,1026.3,2216,1021.4,50,1024.7,11.4,0,1400,.33,1.98,,,,,,7,7,18.4,16.7,,,,,,,,,,.6,.9,.1,
192,2021-10-13,18.9,16,218,22.5,1353,,,,,,,4.9,360,1403,2.2,20,1403,.8,719,15.6,68,1124,81.8,17.8,1020.7,1026.1,913,1022.4,1630,1024.2,11.4,1.8,1100,1.58,9.18,,,,,,7.5,7.3,20.4,18.3,,,,,,,,,,1.6,2.3,,
192,2021-10-14,19.7,14.1,635,26.2,1520,,,,,,,4,250,1441,2,270,1315,.5,431,17,61,1341,86.3,19.4,1016,1023,109,1016.8,1636,1019.5,11.4,10.1,1100,2.61,17.46,,,,,,4.4,.4,21.9,17.6,,,,,,,,,,2.7,3.8,,
192,2021-10-15,19.2,12.6,644,24.6,1315,,.3,2240,.4,2228,.4,3.9,90,1053,2,70,1141,.5,459,15.9,59,1131,83,18.2,1013.6,1018.7,1000,1015.4,1428,1017,11.3,5.3,1000,2.22,12.34,,,,,,7.1,4.5,20.9,,,,,,,,,,,1.8,2.6,5.9,
192,2021-10-16,14.6,9.1,2358,18.2,1,,.5,511,1.3,203,6.1,10.9,360,2030,4.8,340,2038,1.3,1153,8.3,32,2115,69.1,12,1016.2,1024,2324,1016.6,322,1019.7,11.3,0,1100,.81,4.12,,,,,,9.8,7.5,16.8,,,,,,,,,,,1.6,2.3,.6,
192,2021-10-17,8,2.2,2400,15.8,1507,,,,,,,8.7,340,228,3.6,70,833,1.6,1341,-2.2,29,1404,52.1,5.3,1022,1027.8,851,1023.5,1511,1025.6,11.3,10.1,1200,2.84,19.19,,,,,,1,0,11.9,,,,,,,,,,,2.9,4.1,,
192,2021-10-18,8.6,-.1,610,18,1515,,,,,,,4.2,90,1217,2.3,70,1220,.6,544,1.3,22,1443,66.1,6.8,1020.1,1026.5,809,1021.3,1645,1023.7,11.2,10,1200,2.77,18.61,,,,,,2.9,2.9,12.1,,,,,,,,,,,3,4.2,,
192,2021-10-19,11.6,6.3,644,20,1340,,,,,,,7.5,320,1453,3.8,290,1429,1.1,932,5.6,36,1323,69.1,9.1,1015.6,1022.1,1,1015.9,1410,1019.2,11.2,7.8,1200,2.62,14.95,,,,,,5.4,4.3,13.1,2.9,,,,,,,,,,2.6,3.7,,
192,2021-10-20,9.6,3.7,530,17.3,1415,,,,,,,5.5,20,1026,2.4,20,1032,.6,514,4.4,35,1434,73.6,8.4,1017.3,1023.1,849,1018.9,1451,1020.9,11.2,8,1200,2.58,15.35,,,,,,6.5,1.3,12.7,.7,,,,,,,,,,2.1,3,,
192,2021-10-21,11,5.6,451,18.1,1455,,,,,,,4.4,340,1158,2.3,90,1222,.6,548,7.2,54,1533,79.5,10.2,1015.5,1021.1,908,1016.8,1601,1019,11.1,8,1100,2.72,15.04,,,,,,6.6,5.4,14,4,,,,,,,,,,2.1,3.1,,
192,2021-10-22,10.7,3.9,645,18,1420,,,,,,,8.8,340,1453,4.4,320,1450,1.3,1093,2.7,27,1251,64.3,7.5,1017.8,1025.8,2356,1018.8,1,1021.3,11.1,9.9,1200,2.64,17.38,,,,,,0,0,12.2,.6,,,,,,,,,,2.9,4.2,,
192,2021-10-23,10.3,3.3,614,19.9,1453,,,,,,,4.9,90,1238,2.4,70,1238,.5,472,5.1,33,1551,74.6,8.8,1024.4,1029.8,853,1025.7,28,1028,11,10,1200,2.62,17.29,,,,,,0,0,12.5,-.5,,,,,,,,,,2.7,3.8,,
192,2021-10-24,11.1,4.3,628,19.8,1338,,,,,,,3.3,90,1257,2,140,1242,.5,437,7,43,1508,79.3,10.1,1022.6,1029.2,808,1023.6,1512,1026.1,11,9,1200,2.4,14.15,,,,,,6,3.6,13,1.3,,,,,,,,,,2,2.9,,
192,2021-10-25,11.6,5.3,611,20.8,1507,,,,,,,3.9,110,1132,2.2,110,1138,.6,496,6.9,39,1511,76.8,10,1018.6,1024.8,6,1020,1541,1022.1,11,9.4,1200,2.53,15.91,,,,,,1.5,1.4,13.7,1.5,,,,,,,,,,2.5,3.6,,
192,2021-10-26,10.9,3.5,654,20.6,1550,,,,,,,2.7,270,902,1.6,270,1319,.4,356,6,28,1531,76.9,9.4,1016.7,1023.1,910,1018.1,1725,1020.3,11,9.9,1200,2.5,16.09,,,,,,3.6,1.3,12.6,-.5,,,,,,,,,,2.4,3.5,,
192,2021-10-27,12.3,6.7,716,21.8,1442,,,,,,,4,340,1637,1.8,340,1611,.5,407,8.1,34,1544,78.6,10.8,1015.7,1020.7,849,1017,1456,1019.2,10.9,9.4,1200,2.27,14.7,,,,,,2.3,2.1,13.9,2.3,,,,,,,,,,2.3,3.3,,
192,2021-10-28,11.3,3.2,601,21.6,1349,,,,,,,5.8,110,1354,3.3,110,1403,.6,530,5.4,27,1350,72.9,9,1019.2,1025.5,2352,1020.4,1,1022.8,10.9,9.9,1200,2.54,16.58,,,,,,0,0,12.2,-.9,,,,,,,,,,2.8,4,,
192,2021-10-29,11.8,5.6,552,20.1,1457,,,,,,,5.3,50,1242,2.8,110,1321,.6,560,7,41,1449,76.4,10,1021.8,1027.6,905,1023.2,1511,1025.4,10.9,9.9,1100,2.38,15.62,,,,,,3.9,.9,12.9,2.1,,,,,,,,,,2.5,3.5,,
192,2021-10-30,11.9,6.5,226,19,1440,,,,,,,3.1,110,1414,1.6,250,1224,.4,374,8.5,51,1441,81.8,11.1,1021,1025.9,835,1022.8,1533,1024.5,10.8,3.3,1000,1.3,8.3,,,,,,6.8,3,13.3,3.2,,,,,,,,,,1.2,1.8,,
192,2021-10-31,12.1,5.5,638,21.4,1505,,,,,,,4,110,1415,2.2,110,1353,.5,407,8.1,41,1456,80.4,10.8,1020.5,1026.1,939,1021.8,1501,1024.1,10.8,9.8,1200,2.4,15.28,,,,,,2,0,13,1.8,,,,,,,,,,2.3,3.3,,
192,2021-11-01,12.2,7,615,21.5,1347,,,,,,,4.2,340,1629,1.9,290,1614,.4,366,7.6,40,1628,77.1,10.5,1019.5,1025.2,844,1020.7,1502,1023.1,10.8,8.6,1200,2.28,13.04,,,,,,3.5,1.3,13.5,2.7,,,,,,,,,,2.2,3.1,,
192,2021-11-02,10.5,3.7,650,19.1,1444,,,,,,,4,340,1446,2.2,250,1320,.5,389,6.1,38,1448,78.4,9.5,1017.5,1023.4,816,1018.4,1428,1021.1,10.7,9.2,1200,2.39,14.56,,,,,,1.9,.5,11.8,-.4,,,,,,,,,,2.1,3,,
192,2021-11-03,10.3,3.4,656,20.1,1507,,,,,,,4.5,340,1524,2.3,340,1516,.5,445,5.4,32,1532,75.9,9,1015.5,1020.8,13,1016.4,1504,1019.1,10.7,9.2,1100,2.32,14.61,,,,,,2.3,.9,11.5,.1,,,,,,,,,,2.3,3.2,,
192,2021-11-04,11,4,427,20.5,1501,,,,,,,3.7,160,1545,1.7,110,1045,.4,377,7.2,43,1503,80.5,10.2,1016.4,1022,2249,1018,1436,1019.9,10.7,9.4,1200,2.28,14.18,,,,,,1.6,0,11.9,.6,,,,,,,,,,2.2,3.2,,
192,2021-11-05,10.7,4.5,545,19.2,1350,,,,,,,3.6,70,1206,1.9,70,1153,.4,354,6.6,41,1534,80,9.8,1017.7,1023.2,833,1019.2,1443,1021.3,10.6,7.4,1100,1.99,11.18,,,,,,4.8,1,11.6,.8,,,,,,,,,,1.5,2.1,,
192,2021-11-06,11.9,4.8,650,20.9,1524,,,,,,,7,50,1340,3.6,70,1413,.7,601,7.4,43,1430,77.1,10.3,1017,1022.2,2339,1018.4,1443,1020.6,10.6,8.9,1200,2.24,13.63,,,,,,1.4,.8,11.8,1.5,,,,,,,,,,2.2,3.2,,
192,2021-11-07,13.2,6,505,21.6,1351,,,,,,,7.3,90,1315,3.9,70,1310,.9,779,8.6,46,1512,76.3,11.2,1016.6,1023.6,826,1017.1,2357,1020.2,10.6,7.5,1100,2.25,12.22,,,,,,4.6,1.4,12.8,2.4,,,,,,,,,,1.9,2.7,1.7,
192,2021-11-08,9.2,3.1,2345,14.8,1017,,,,,,29.5,6.5,250,1058,3.9,250,1102,.6,494,7.6,66,1840,90.6,10.7,1009.2,1017.1,1,1009.3,942,1012.8,10.5,.7,1500,.73,1.73,,,,,,7,6.5,11,.2,,,,,,,,,,.4,.6,27.8,
192,2021-11-09,7.5,.6,617,13.1,1156,,,,,,,12.5,230,1418,5.5,250,1141,2.3,1996,2,44,1549,71.6,7.1,1008.6,1015.2,154,1009.7,2359,1012.2,10.5,6,1100,2.52,11.21,,,,,,5.1,3,8.1,-1,,,,,,,,,,2.1,3,0,
192,2021-11-10,9.1,5.9,722,12.3,1446,,,,,,0,10.2,250,1456,5.6,250,1157,2.1,1787,3.6,56,100,69.5,7.9,1005.3,1010.4,2203,1006.7,1432,1008.9,10.5,5.3,1400,1.87,9.77,,,,,,4.4,2.5,9.4,4.8,,,,,,,,,,1.6,2.2,0,
192,2021-11-11,8.5,4.8,1959,14.3,1225,,,,,,,8.5,250,1314,5.2,250,1319,1.2,1029,3.9,48,1222,75.3,8.1,1008.6,1014.1,2227,1010.2,52,1012.2,10.5,5.6,1200,2.37,10.45,,,,,,4.5,2.9,9.8,1.2,,,,,,,,,,1.5,2.2,,
192,2021-11-12,5.9,1.1,2400,11.7,1140,,,,,,,7,250,1423,3.8,270,1504,1,855,1.4,40,1141,76,6.8,1014.2,1019.9,2326,1014,1,1017.8,10.4,4.3,1000,2.09,9.07,,,,,,,,7.7,-1.5,,,,,,,,,,1.2,1.8,,
192,2021-11-13,6.7,.5,245,15.5,1528,,,,,,,3.8,230,1642,1.9,250,1642,.6,478,3.5,47,1257,83.3,7.9,1016.2,1021.5,825,1017.4,1521,1019.8,10.4,7.2,1200,2.23,12.88,,,,,,1.4,1.4,8.4,-2.5,,,,,,,,,,1.7,2.4,,
192,2021-11-14,8.1,1.2,644,18.2,1353,,,,,,,4.8,230,1506,2.3,250,1514,.6,478,4.7,42,1327,82.1,8.6,1016.1,1021.3,839,1017.6,1458,1019.7,10.4,8.2,1200,2.08,12.16,,,,,,.8,0,9.1,-1,,,,,,,,,,1.7,2.4,,
192,2021-11-15,8.2,1.7,633,17.8,1409,,,,,,,3.8,250,1411,1.6,230,1415,.4,341,4.9,34,1330,82.6,8.7,1018.1,1023.4,907,1019.8,1545,1021.7,10.3,7.5,1200,2.17,11.88,,,,,,2.1,.5,9.4,-1,,,,,,,,,,1.6,2.3,,
192,2021-11-16,8.3,2.9,2349,17.6,1508,,,,,,,3.4,200,1558,1.7,70,1047,.4,355,3.8,33,1509,78,8.1,1020.2,1025.4,2346,1021.8,1417,1023.8,10.3,9,1100,2.02,11.68,,,,,,3.3,2.1,9.1,-1.3,,,,,,,,,,1.6,2.3,,
192,2021-11-17,7.2,-.7,708,16.6,1456,,,,,,,2.8,180,1516,1.8,270,1309,.4,333,1.9,34,1458,73.8,7.1,1019.9,1026.5,757,1020.8,1456,1023.6,10.3,9.1,1200,2.09,12.55,,,,,,2.9,2.1,7.7,-4.2,,,,,,,,,,1.7,2.5,,
192,2021-11-18,7.9,.6,624,17.4,1524,,,,,,,4.2,90,1434,2.1,110,1359,.4,359,3.5,40,1302,77.6,7.9,1016.3,1022.2,821,1017.6,1541,1020,10.3,9.1,1200,2.06,12.27,,,,,,.4,.3,8.4,-2.5,,,,,,,,,,1.7,2.5,,
192,2021-11-19,8.5,2.4,253,19.5,1537,,,,,,,2.4,290,1321,1.7,270,1321,.4,327,4.4,33,1528,79.5,8.4,1015.3,1020.3,859,1016.5,1502,1018.9,10.2,8.1,1200,2.12,12.53,,,,,,3.4,2.3,8.7,-1.4,,,,,,,,,,1.8,2.6,,
192,2021-11-20,8.8,2.3,636,18.7,1437,,,,,,,2.4,270,1244,1.6,270,1405,.3,283,5.6,44,1507,83.3,9.2,1017.3,1022.1,1033,1019.5,1417,1020.9,10.2,8.8,1200,1.95,11.34,,,,,,1.6,0,8.9,-1.3,,,,,,,,,,1.6,2.3,,
192,2021-11-21,10.3,4.2,409,16.8,1321,,,,,,,3.1,110,1255,1.6,110,1255,.2,207,7.9,61,1254,86.4,10.8,1013.9,1021.9,1,1013.2,2333,1017.5,10.2,2.3,1100,1.3,5.98,,,,,,8.9,5,10,1.1,,,,,,,,,,1.1,1.6,0,
192,2021-11-22,8.2,.4,2320,14.6,317,,,,,,0,12,340,1540,5.2,320,1415,2,1711,.2,40,1134,59,6.6,1010.8,1018.7,2314,1010.5,331,1014.4,10.2,4.5,1100,1.61,7.7,,,,,,5.9,3,8.5,-4,,,,,,,,,,1.5,2.1,,
192,2021-11-23,4.4,-.5,44,8.8,1325,,,,,,,9.4,250,1414,5.3,250,1419,1.2,1047,-1.5,47,1315,66.6,5.5,1014.3,1019.3,928,1016.2,1432,1018,10.1,3.7,1300,1.43,7.12,,,,,,4.3,4.1,6,-4,,,,,,,,,,1.1,1.6,0,
192,2021-11-24,8.7,1.6,719,13.3,1330,,,,,,0,11.1,250,1212,6.4,250,1220,2.3,1944,1.5,38,1432,63.5,6.8,1014.8,1020.5,836,1016.4,1433,1018.4,10.1,8.7,1200,2.14,11.98,,,,,,3.6,2.4,7.1,-1.3,,,,,,,,,,2.4,3.4,,
192,2021-11-25,9.2,1.6,2351,16.8,1432,,,,,,,9,290,1219,4.3,250,1209,1.3,1156,2.6,36,1424,65.5,7.4,1014.9,1021.9,2354,1016,1414,1018.5,10.1,8.2,1200,1.99,10.98,,,,,,1.1,.3,8.1,-2.9,,,,,,,,,,1.8,2.6,,
192,2021-11-26,5.4,-1.5,629,14.3,1510,,,,,,,5.5,340,1103,2.4,340,1112,.6,552,-3,21,1319,61.8,5,1022.3,1029.6,2334,1021.8,2,1025.9,10.1,8.8,1200,2.14,12.81,,,,,,0,0,4.9,-7,,,,,,,,,,2.1,3,,
192,2021-11-27,3.4,-2.3,659,12.8,1535,,,,,,,4.7,110,1310,2.9,110,1341,.5,422,-3.2,25,1452,66.5,4.9,1030,1036.8,2327,1029.6,1,1033.7,10.1,8.8,1200,2.1,12.81,,,,,,0,0,3.8,-7.5,,,,,,,,,,1.7,2.4,,
192,2021-11-28,4.3,-3.6,629,15.2,1449,,,,,,,3.5,90,1414,1.6,90,1417,.4,377,-2.3,28,1428,66.4,5.3,1030.4,1037.2,857,1031.5,1622,1034.1,10,8.8,1100,2.03,12.43,,,,,,3,1.3,4,-7.7,,,,,,,,,,1.6,2.3,,
192,2021-11-29,6,-2.3,706,15.9,1455,,,,,,,3.2,110,1442,1.5,270,1126,.4,343,.2,30,1426,71.4,6.3,1023.8,1031.9,1,1024.1,2359,1027.4,10,8.4,1200,2.09,12.31,,,,,,2.4,1.6,4.9,-7.5,,,,,,,,,,1.6,2.3,9.3,
192,2021-11-30,7.1,2.2,215,12.6,1540,,,,,,14.8,8.9,270,1857,4.2,270,1905,1,850,4,53,2040,82.4,8.4,1009.4,1024.1,1,1006.8,1401,1013,10,.3,1500,.47,2.24,,,,,,8.1,7.1,6.7,-1.3,,,,,,,,,,.9,1.2,5.5,
192,2021-12-01,3.5,-3,2356,6.8,1253,,,,,,,12.3,340,352,5.8,340,354,2.7,2301,-6.2,36,1343,49.4,3.9,1016.5,1024.4,2303,1014.2,4,1020.1,10,7.3,1200,2.17,12.32,,,,,,2.4,1.3,3.3,-8,,,,,,,,,,1.7,2.5,,
192,2021-12-02,1.4,-5.9,615,9,1558,,,,,,,6.5,250,1934,3,250,1938,.6,495,-4.9,40,1307,64.6,4.3,1017.1,1024.2,1,1018.1,1619,1020.8,10,8.6,1200,2.07,12.67,,,,,,0,0,2.3,-8.9,,,,,,,,,,1.5,2.2,,
192,2021-12-03,6.3,1.2,731,11.1,1215,,,,,,,12.2,340,1955,5.6,340,2000,1.7,1497,-2.1,37,2136,56.5,5.4,1015,1023.6,2339,1016.1,1347,1018.7,10,5.5,1100,1.55,7.86,,,,,,2.6,1.3,4.6,-2.3,,,,,,,,,,1.6,2.3,,
192,2021-12-04,3.5,-2.3,730,10.8,1403,,,,,,,6,360,117,3.2,360,110,.8,715,-3.4,35,1243,63.5,4.8,1022.3,1028.6,2342,1023.1,140,1026,9.9,6.8,1200,2.21,10.93,,,,,,2.6,2.3,3.8,-6.5,,,,,,,,,,1.5,2.1,,
192,2021-12-05,3.6,-3.5,718,11,1347,,,,,,,4.2,360,1207,1.9,90,1137,.4,325,-.8,36,1348,75.9,5.8,1025.4,1031.5,946,1027.7,1538,1029.1,9.9,6.1,1100,1.84,9.16,,,,,,3.5,2.8,4.1,-8,,,,,,,,,,1,1.5,,
192,2021-12-06,6.6,1.8,141,15.3,1517,,,,,,,2.8,320,1308,1.4,290,1333,.3,226,3.2,51,1602,80.4,7.7,1022.7,1028.2,947,1024.4,1506,1026.4,9.9,6.5,1200,1.95,9.71,,,,,,4.8,2.8,6.7,-2,,,,,,,,,,1.5,2.1,,
192,2021-12-07,6.6,-.2,712,15.6,1425,,,,,,,6.8,360,1353,3.3,340,1354,.6,482,.7,31,1452,71.6,6.4,1023.8,1030.4,2347,1025.5,1403,1027.5,9.9,8.5,1200,1.94,11.5,,,,,,.1,0,5.2,-5.5,,,,,,,,,,1.9,2.7,,
192,2021-12-08,4.9,-1.2,633,14.1,1505,,,,,,,4.9,110,1138,2.6,90,1228,.4,359,.5,43,1441,76.3,6.3,1028.4,1033.9,954,1030.2,57,1032.1,9.9,8.5,1200,1.96,11.44,,,,,,.4,0,4.4,-6.3,,,,,,,,,,1.5,2.2,,
192,2021-12-09,5.6,-1.8,704,13.4,1400,,,,,,,2.4,320,2007,1.5,320,2013,.3,274,2.5,56,1531,82,7.4,1026.1,1033,10,1027.1,2356,1029.8,9.9,4.1,1100,1.18,7.39,,,,,,5.9,4.4,5.2,-6.3,,,,,,,,,,.8,1.2,,
192,2021-12-10,6.6,1.2,632,16,1509,,,,,,,4.3,200,1420,2,200,1432,.3,251,4.2,60,1428,86.4,8.4,1021.6,1027.1,1,1022.6,1443,1025.2,9.9,4.7,1400,1.32,7.2,,,,,,4.5,2.6,6.5,-2.6,,,,,,,,,,1.1,1.5,,
192,2021-12-11,6.8,.6,724,14.5,1507,,,,,,,2.5,180,1155,1.9,270,1353,.2,212,3.3,48,1437,81.1,7.8,1021.4,1028,926,1023,1621,1025,9.8,8.3,1200,1.78,10.34,,,,,,4.9,2.1,6.3,-3,,,,,,,,,,1.3,1.8,,
192,2021-12-12,6,1,2339,12.6,1358,,,,,,,8.9,320,2108,5.1,340,2111,1.3,1135,-1.8,35,1608,62,5.8,1019.6,1026.2,2312,1020.7,1508,1023.3,9.8,5.7,1200,1.62,7.21,,,,,,5,3.5,6.3,-3.8,,,,,,,,,,1.5,2.1,,
192,2021-12-13,.4,-4.7,2400,8.2,1448,,,,,,,5.5,340,135,3.2,360,143,.8,704,-10.4,19,1452,46.5,2.8,1022.6,1028.6,822,1024.2,1526,1026.3,9.8,8.5,1200,2.07,12.18,,,,,,0,0,2.1,-10.2,,,,,,,,,,1.7,2.4,,
192,2021-12-14,-.2,-7.9,729,8.8,1510,,,,,,,3.3,250,1203,1.8,250,1214,.4,326,-6.2,37,1216,66.4,3.9,1019.7,1026,1,1020.6,1457,1023.4,9.8,8.3,1200,1.74,10.57,,,,,,1.4,1.4,1.4,-11.2,,,,,,,,,,1.2,1.7,,
192,2021-12-15,3.8,-3.6,605,13.5,1455,,,,,,,6.3,140,1447,3,140,1447,.7,592,.6,58,1310,81.4,6.6,1018.5,1024.1,1002,1020,1530,1022.2,9.8,6,1300,1.48,8.12,,,,,,2.8,1.4,3.5,-7.6,,,,,,,,,,1,1.4,1,
192,2021-12-16,5.1,.3,102,10.3,1555,,,,,,1.9,2.5,290,2151,1.3,320,2207,.2,178,4.2,82,1557,94.4,8.3,1014.9,1022.1,40,1015.6,2324,1018.5,9.8,1,1300,.75,3.55,,,,,,8.9,7.9,5.5,-4.4,,,,,,,,,,.7,.9,.9,
192,2021-12-17,1.3,-4,2331,5.4,17,,,,,,,13.6,320,943,7,320,1102,2.8,2407,-7.9,30,1055,54.3,3.8,1017.3,1027.6,2335,1015.1,336,1021,9.8,7.2,1200,1.91,10.33,,,,,,4.6,3.4,3.5,-8,,,,,,,,,,1.8,2.5,,
192,2021-12-18,-2.5,-8.2,809,3.6,1507,,,,,,,5.9,360,146,2.7,340,117,1,897,-14.7,18,1243,40.6,2,1022.8,1029.9,931,1023.2,2359,1026.6,9.8,8.4,1100,1.99,11.89,,,,,,3.5,1.5,.1,-11.9,,,,,,,,,,1.6,2.2,,
192,2021-12-19,.7,-4,2334,7.5,1434,,,,,,,9.1,360,1420,4.6,340,1423,1.1,943,-5.8,33,1324,64.4,4,1018.9,1024.4,2251,1020.6,510,1022.6,9.8,7.9,1200,2,11.48,,,,,,3.3,.3,1.5,-8.2,,,,,,,,,,1.5,2.2,,
192,2021-12-20,4.6,-4.6,728,12.8,1443,,,,,,,8,290,1227,3.9,230,1234,1.1,908,-1.7,43,1437,65.6,5.5,1016.3,1024.1,1,1017.3,1524,1020,9.8,7.8,1200,1.78,9.56,,,,,,3,2.5,2.8,-7.1,,,,,,,,,,1.4,2,,
192,2021-12-21,4.6,-2.2,725,15.6,1505,,,,,,,5,200,48,2.5,180,53,.5,458,0,36,1613,74.3,6.2,1013.7,1019.8,2348,1014.5,1423,1017.3,9.8,8.3,1200,1.77,10.15,,,,,,0,0,3.6,-6.6,,,,,,,,,,1.3,1.8,,
192,2021-12-22,2.7,-3.9,703,13.8,1517,,,,,,,3,70,1201,1.6,110,1225,.3,220,-3.6,27,1443,68.8,4.7,1018.1,1024.2,2346,1019.6,34,1021.8,9.8,8.5,1200,1.94,11.38,,,,,,0,0,2.8,-8.9,,,,,,,,,,1.5,2.2,,
192,2021-12-23,1.7,-5.1,732,12.3,1505,,,,,,,3.6,70,1523,2.1,90,1527,.3,290,-5.7,25,1317,62.6,4,1020.4,1026,954,1022.3,1502,1024.1,9.8,8.4,1200,1.87,11.19,,,,,,1.8,1.3,2.2,-8.9,,,,,,,,,,1.4,2.1,,
192,2021-12-24,2.4,-4.7,659,9.6,1523,,,,,,,5.3,20,2133,2.4,360,2125,.5,402,-3.5,43,1543,66.5,4.7,1017.2,1023.8,1,1017.9,1542,1020.9,9.8,3,1000,1.41,6.49,,,,,,5.3,4,2.1,-8.5,,,,,,,,,,1.1,1.5,,
192,2021-12-25,-2.7,-6.9,2355,3.2,1,,,,,,,11.3,360,1334,5.3,340,1647,2.8,2441,-17.1,20,1458,32.5,1.6,1023.9,1032.1,2309,1021.4,25,1027.6,9.8,8.4,1200,2.07,12.12,,,,,,0,0,.2,-9.4,,,,,,,,,,1.8,2.6,,
192,2021-12-26,-4.8,-10.7,736,-.2,1601,,,,,,,9.8,320,1242,5.3,320,1244,1.9,1611,-18.7,18,1408,33.9,1.4,1028.4,1034.5,1018,1030.2,1555,1032.3,9.8,8.4,1200,2.12,12.37,,,,,,0,0,-2,-14.2,,,,,,,,,,1.5,2.1,,
192,2021-12-27,-3.1,-10.9,722,4.5,1525,,,,,,,6.7,320,1543,3.4,340,1550,.9,795,-11.2,29,1409,56.3,2.7,1026.6,1032.2,913,1028.6,1417,1030.5,9.8,8.4,1200,2.03,11.91,,,,,,1.9,.6,-1.5,-13.4,,,,,,,,,,1.2,1.7,,
192,2021-12-28,-.1,-7.5,614,8.4,1420,,,,,,,3.8,230,1225,1.9,230,1513,.5,431,-5.2,44,1255,70.8,4.2,1024,1030.6,750,1025.4,2353,1027.8,9.8,7.4,1200,1.9,10.93,,,,,,3.4,2.5,-.1,-10.2,,,,,,,,,,1.1,1.6,,
192,2021-12-29,2.4,-4.1,336,10.2,1357,,,,,,,10.3,270,1325,5.7,250,1331,1.4,1204,-3.6,40,1334,67.1,4.7,1017.1,1025.6,7,1017.6,1428,1020.8,9.8,7.7,1100,1.67,9.9,,,,,,4.4,2.9,1.3,-7.2,,,,,,,,,,1.5,2.2,,
192,2021-12-30,1.4,-5.2,735,6.6,1349,,,,,,,11,320,2335,5.7,270,1445,2.1,1836,-8.4,27,1303,51.4,3.3,1019.8,1025.9,2400,1020.1,4,1023.5,9.8,7.8,1200,2.01,11.49,,,,,,2.8,1.1,.8,-7.7,,,,,,,,,,2.3,3.2,,
192,2021-12-31,-.2,-4.2,2332,4.4,1403,,,,,,,11.2,290,100,5.2,340,204,2.5,2179,-14.7,22,1413,33.3,2,1025.3,1031.2,2338,1025.6,22,1029,9.8,8.5,1200,2.08,12.22,,,,,,1,1,.6,-8.9,,,,,,,,,,1.9,2.7,,
