date,평균기온(°C),최고기온(°C),최고기온 시각(hhmi),일강수량(mm)
2016-01-01,-0.1,8.7,1423,
2016-01-02,1.8,10.8,1518,
2016-01-03,4.0,14.5,1519,
2016-01-04,4.8,15.0,1424,
2016-01-05,0.5,4.9,1612,0.0
2016-01-06,1.8,8.8,1505,
2016-01-07,1.0,7.5,1451,
2016-01-08,0.0,7.0,1424,
2016-01-09,-0.3,8.0,1544,
2016-01-10,0.0,9.1,1551,
2016-01-11,1.2,8.6,1408,
2016-01-12,-0.1,7.2,1330,
2016-01-13,-1.7,5.3,1440,
2016-01-14,-1.1,6.4,1403,
2016-01-15,-0.8,8.6,1427,
2016-01-16,1.1,8.6,1555,
2016-01-17,2.8,7.6,1352,1.4
2016-01-18,0.7,5.0,1047,
2016-01-19,-3.0,-0.2,1337,
2016-01-20,-3.8,1.6,1412,
2016-01-21,-2.1,2.9,1547,
2016-01-22,-0.9,5.6,1433,
2016-01-23,-3.8,-0.2,1343,
2016-01-24,-8.3,-5.4,1535,0.5
2016-01-25,-5.3,2.7,1430,
2016-01-26,-3.2,5.7,1444,
2016-01-27,-1.1,8.4,1507,
2016-01-28,0.9,4.0,1332,19.4
2016-01-29,3.1,3.8,1155,14.1
2016-01-30,3.7,7.5,1413,
2016-01-31,1.4,6.7,1420,
2016-02-01,-0.6,5.0,1347,
2016-02-02,-2.3,6.2,1519,
2016-02-03,-1.7,7.7,1600,
2016-02-04,-0.2,7.7,1536,
2016-02-05,1.3,9.6,1457,
2016-02-06,-0.3,5.9,1514,
2016-02-07,-1.6,7.1,1447,
2016-02-08,1.9,8.5,1608,
2016-02-09,4.9,9.3,1344,
2016-02-10,1.7,12.0,1451,
2016-02-11,6.1,14.4,1515,
2016-02-12,9.2,14.4,1941,62.8
2016-02-13,12.0,15.3,2126,9.9
2016-02-14,4.1,14.6,55,
2016-02-15,-1.5,2.3,1421,
2016-02-16,0.2,5.4,1232,
2016-02-17,1.7,8.1,1514,
2016-02-18,2.3,10.3,1447,
2016-02-19,5.0,13.7,1524,
2016-02-20,6.0,12.7,1355,
2016-02-21,2.1,8.2,1550,
2016-02-22,3.4,7.0,1431,
2016-02-23,5.5,11.9,1341,
2016-02-24,1.4,7.1,1502,
2016-02-25,0.8,7.6,1510,
2016-02-26,1.8,8.3,1315,
2016-02-27,7.9,14.2,1502,0.7
2016-02-28,6.1,13.6,1329,3.0
2016-02-29,-0.2,3.5,1,
2016-03-01,-0.8,6.8,1622,
2016-03-02,3.8,11.8,1458,
2016-03-03,6.7,16.0,1407,0.0
2016-03-04,8.2,9.7,1553,36.1
2016-03-05,12.1,15.7,2253,43.1
2016-03-06,13.7,19.5,1549,1.3
2016-03-07,11.0,17.7,1453,
2016-03-08,8.0,11.3,1108,3.3
2016-03-09,5.2,12.6,1549,6.8
2016-03-10,3.0,8.5,1444,
2016-03-11,2.0,8.4,1550,
2016-03-12,2.7,10.1,1546,
2016-03-13,4.7,8.8,1411,
2016-03-14,5.5,13.9,1531,
2016-03-15,5.9,14.5,1431,
2016-03-16,8.4,16.7,1546,
2016-03-17,9.3,18.7,1340,
2016-03-18,9.8,12.1,1604,27.6
2016-03-19,11.5,18.9,1330,
2016-03-20,9.5,13.6,1227,
2016-03-21,9.3,16.6,1509,
2016-03-22,9.6,18.4,1546,
2016-03-23,10.5,17.2,1319,
2016-03-24,8.3,12.6,1442,0.0
2016-03-25,6.8,11.5,1317,2.8
2016-03-26,6.6,13.4,1430,
2016-03-27,7.4,15.4,1511,
2016-03-28,8.4,17.5,1440,
2016-03-29,10.7,15.9,1447,
2016-03-30,13.8,21.6,1446,
2016-03-31,12.0,20.9,1447,
2016-04-01,13.6,24.3,1521,
2016-04-02,13.1,20.1,1320,
2016-04-03,12.2,13.5,1050,37.8
2016-04-04,11.2,13.8,1557,2.6
2016-04-05,12.4,20.2,1446,
2016-04-06,11.8,20.5,1252,26.1
2016-04-07,12.2,17.6,1553,28.7
2016-04-08,15.0,23.0,1522,
2016-04-09,15.0,24.0,1416,
2016-04-10,14.4,22.9,1255,
2016-04-11,10.8,12.6,119,
2016-04-12,11.5,18.6,1446,3.1
2016-04-13,13.6,15.4,1524,37.7
2016-04-14,17.1,25.8,1514,
2016-04-15,12.9,21.2,1336,
2016-04-16,13.2,18.8,1327,77.5
2016-04-17,15.5,19.8,1538,3.9
2016-04-18,14.4,20.7,1418,
2016-04-19,13.5,21.0,1525,
2016-04-20,13.5,21.0,1324,
2016-04-21,13.8,17.3,1806,33.2
2016-04-22,17.0,24.5,1423,
2016-04-23,15.4,20.7,1510,
2016-04-24,14.6,23.8,1452,
2016-04-25,15.4,26.3,1600,
2016-04-26,16.3,25.6,1311,1.2
2016-04-27,11.4,14.7,47,42.9
2016-04-28,14.1,19.5,1548,5.0
2016-04-29,15.0,20.6,1421,
2016-04-30,16.6,23.1,1349,
2016-05-01,16.5,23.9,1355,
2016-05-02,17.8,23.5,1437,0.0
2016-05-03,16.6,20.8,1238,80.6
2016-05-04,17.8,24.9,1520,
2016-05-05,16.0,24.2,1345,
2016-05-06,17.6,21.0,1459,3.9
2016-05-07,18.3,25.2,1444,
2016-05-08,16.7,23.4,1342,
2016-05-09,17.6,22.0,1402,
2016-05-10,14.4,17.3,1,31.3
2016-05-11,15.8,21.7,1501,0.1
2016-05-12,17.6,24.1,1615,
2016-05-13,16.2,23.3,1645,
2016-05-14,16.8,24.5,1412,
2016-05-15,17.9,22.9,1512,2.9
2016-05-16,15.1,22.6,1629,6.0
2016-05-17,16.4,27.8,1612,
2016-05-18,19.3,31.0,1421,
2016-05-19,19.0,29.2,1404,
2016-05-20,19.3,28.7,1447,
2016-05-21,19.0,28.0,1503,
2016-05-22,19.5,29.1,1621,
2016-05-23,19.8,27.6,1345,
2016-05-24,18.7,20.4,1411,25.6
2016-05-25,19.3,27.0,1614,
2016-05-26,20.6,27.7,1506,0.0
2016-05-27,22.5,29.2,1232,0.0
2016-05-28,20.6,27.0,1540,0.0
2016-05-29,19.9,26.0,1502,3.5
2016-05-30,21.5,31.1,1424,
2016-05-31,21.2,29.8,1344,
2016-06-01,20.4,26.3,1520,
2016-06-02,18.9,27.3,1404,
2016-06-03,20.7,28.3,1305,
2016-06-04,17.4,22.2,951,11.1
2016-06-05,21.3,27.3,1552,
2016-06-06,18.3,19.7,1,1.0
2016-06-07,21.1,26.7,1304,0.0
2016-06-08,21.2,24.6,1346,
2016-06-09,21.7,28.2,1327,
2016-06-10,22.5,28.6,1520,
2016-06-11,22.7,28.2,1348,
2016-06-12,22.6,25.1,1204,0.1
2016-06-13,23.2,28.5,1249,
2016-06-14,23.0,28.0,1226,
2016-06-15,21.9,24.2,1331,0.0
2016-06-16,23.8,28.7,1319,0.0
2016-06-17,22.4,30.6,1557,
2016-06-18,22.4,28.6,1259,6.0
2016-06-19,24.8,30.8,1610,1.2
2016-06-20,22.8,26.4,934,5.2
2016-06-21,22.6,25.4,1706,2.0
2016-06-22,21.5,22.7,1127,11.8
2016-06-23,23.7,29.6,1402,
2016-06-24,22.5,28.0,1612,73.6
2016-06-25,23.1,28.1,1636,
2016-06-26,23.4,30.1,1558,
2016-06-27,20.4,24.6,1155,0.1
2016-06-28,21.3,25.7,1134,
2016-06-29,21.6,25.0,1518,1.7
2016-06-30,23.5,29.0,1219,
2016-07-01,23.9,25.5,1428,43.1
2016-07-02,23.7,26.2,326,13.9
2016-07-03,21.4,23.7,854,53.8
2016-07-04,23.8,27.9,1511,0.5
2016-07-05,26.5,29.7,1332,0.1
2016-07-06,26.4,30.3,1444,9.3
2016-07-07,25.9,31.1,1457,
2016-07-08,25.5,30.9,1725,
2016-07-09,25.6,32.8,1341,
2016-07-10,26.2,31.3,1212,
2016-07-11,24.4,27.7,1128,2.2
2016-07-12,24.2,26.9,1113,4.2
2016-07-13,25.8,30.2,1422,
2016-07-14,26.7,33.0,1632,
2016-07-15,25.0,30.2,1326,0.0
2016-07-16,22.1,23.8,1716,5.5
2016-07-17,24.4,30.7,1434,
2016-07-18,24.3,30.0,1334,
2016-07-19,24.7,30.6,1410,
2016-07-20,24.5,30.5,1459,
2016-07-21,24.3,30.1,1424,
2016-07-22,24.0,28.9,1342,
2016-07-23,25.2,30.9,1432,
2016-07-24,27.0,32.5,1445,
2016-07-25,28.0,33.4,1241,28.4
2016-07-26,28.0,32.7,1437,
2016-07-27,28.6,32.9,1246,
2016-07-28,28.7,32.5,1342,
2016-07-29,28.6,34.1,1425,
2016-07-30,29.1,35.2,1341,
2016-07-31,28.4,35.2,1341,0.0
2016-08-01,26.8,34.2,1310,1.6
2016-08-02,25.9,33.0,1317,10.2
2016-08-03,26.1,31.3,1409,0.5
2016-08-04,27.1,32.4,1415,
2016-08-05,27.7,33.7,1447,
2016-08-06,28.3,34.9,1526,
2016-08-07,28.2,34.4,1433,
2016-08-08,27.5,36.2,1403,0.4
2016-08-09,27.4,33.0,1403,0.0
2016-08-10,29.1,35.3,1346,
2016-08-11,29.9,37.5,1524,
2016-08-12,30.5,36.4,1247,
2016-08-13,29.9,36.5,1428,
2016-08-14,29.8,37.2,1518,
2016-08-15,27.7,34.6,1311,11.0
2016-08-16,27.1,33.9,1256,
2016-08-17,26.8,34.1,1426,13.9
2016-08-18,27.2,33.8,1546,
2016-08-19,27.5,34.2,1438,
2016-08-20,28.0,34.6,1639,
2016-08-21,28.0,34.2,1701,
2016-08-22,28.4,35.7,1551,0.2
2016-08-23,26.8,31.1,1617,1.1
2016-08-24,26.9,34.6,1454,
2016-08-25,26.6,34.3,1522,
2016-08-26,22.1,29.7,1113,3.8
2016-08-27,22.9,28.4,1535,0.2
2016-08-28,18.7,21.7,10,31.8
2016-08-29,21.1,27.1,1423,0.1
2016-08-30,22.0,25.6,1142,
2016-08-31,24.8,29.0,1416,0.0
2016-09-01,25.0,30.5,1427,20.8
2016-09-02,19.2,21.8,38,76.4
2016-09-03,21.8,26.2,1620,44.1
2016-09-04,23.6,29.2,1330,17.1
2016-09-05,24.9,29.5,1622,0.5
2016-09-06,24.2,27.3,1226,0.0
2016-09-07,23.6,27.2,1303,0.0
2016-09-08,23.3,29.7,1357,
2016-09-09,23.1,29.5,1431,
2016-09-10,22.9,27.5,1606,1.6
2016-09-11,22.2,26.5,1333,1.6
2016-09-12,20.3,24.6,1619,8.5
2016-09-13,21.8,28.3,1620,
2016-09-14,22.1,27.7,1312,
2016-09-15,23.3,29.6,1406,
2016-09-16,22.2,24.3,1425,2.7
2016-09-17,19.3,21.2,1,174.5
2016-09-18,19.6,21.4,1243,4.5
2016-09-19,20.7,24.2,1446,0.0
2016-09-20,18.9,24.5,1415,
2016-09-21,18.0,23.9,1315,
2016-09-22,19.0,23.7,1258,
2016-09-23,19.8,27.2,1435,
2016-09-24,20.5,28.8,1447,
2016-09-25,20.9,27.6,1357,
2016-09-26,21.7,25.9,1359,3.8
2016-09-27,24.1,29.5,1448,
2016-09-28,22.0,24.5,1053,16.7
2016-09-29,18.7,20.4,111,4.0
2016-09-30,17.0,18.6,1611,30.7
2016-10-01,19.2,22.4,1347,0.5
2016-10-02,21.4,25.1,1322,0.5
2016-10-03,23.6,28.0,1336,
2016-10-04,21.8,28.4,1324,1.9
2016-10-05,20.0,27.8,1504,82.2
2016-10-06,18.9,27.4,1344,
2016-10-07,18.3,22.6,1026,1.6
2016-10-08,17.2,19.6,1552,26.8
2016-10-09,14.0,20.8,1535,
2016-10-10,14.4,20.4,1253,
2016-10-11,14.3,19.6,1312,
2016-10-12,15.6,23.9,1428,
2016-10-13,15.2,19.7,1359,
2016-10-14,14.8,23.9,1548,
2016-10-15,15.4,23.4,1344,
2016-10-16,14.9,16.3,1252,41.7
2016-10-17,18.0,24.8,1529,
2016-10-18,16.7,22.4,1434,
2016-10-19,16.7,23.8,1422,
2016-10-20,16.2,22.2,1310,
2016-10-21,16.5,18.5,1139,0.0
2016-10-22,16.6,21.1,1437,0.0
2016-10-23,15.7,17.7,1208,
2016-10-24,14.8,19.9,1407,
2016-10-25,14.9,21.9,1543,3.5
2016-10-26,13.9,20.1,1301,
2016-10-27,14.2,19.0,1421,
2016-10-28,14.0,15.5,2107,10.7
2016-10-29,12.7,16.0,1111,
2016-10-30,8.8,16.2,1532,
2016-10-31,7.9,10.5,1144,0.7
2016-11-01,6.0,12.8,1524,
2016-11-02,5.5,14.3,1455,
2016-11-03,7.7,16.3,1433,
2016-11-04,9.6,17.5,1429,
2016-11-05,10.8,20.9,1528,
2016-11-06,11.5,16.2,1338,
2016-11-07,12.4,18.4,1351,
2016-11-08,11.1,15.6,1436,0.0
2016-11-09,5.8,13.0,1435,
2016-11-10,9.2,15.3,1434,0.0
2016-11-11,9.0,17.4,1504,
2016-11-12,9.3,18.8,1503,
2016-11-13,11.4,16.2,1525,1.1
2016-11-14,14.3,16.3,1426,4.0
2016-11-15,11.3,18.9,1406,
2016-11-16,6.7,16.5,1456,
2016-11-17,9.1,17.8,1414,
2016-11-18,9.8,16.3,1300,25.0
2016-11-19,13.7,19.1,1547,0.6
2016-11-20,12.9,20.0,1539,
2016-11-21,10.7,16.2,1537,
2016-11-22,8.8,14.1,1355,
2016-11-23,6.5,11.8,1454,
2016-11-24,3.1,8.5,1455,
2016-11-25,3.2,10.8,1454,
2016-11-26,1.3,4.3,1351,1.8
2016-11-27,4.5,10.8,1439,
2016-11-28,3.9,11.8,1410,
2016-11-29,3.7,12.4,1509,
2016-11-30,7.0,10.6,1506,4.5
2016-12-01,7.3,13.3,1429,
2016-12-02,2.6,13.1,1438,
2016-12-03,2.9,13.3,1446,
2016-12-04,4.0,10.6,1546,
2016-12-05,6.4,15.6,1500,
2016-12-06,3.6,10.1,1552,
2016-12-07,0.4,8.6,1334,
2016-12-08,3.2,11.5,1412,
2016-12-09,6.9,13.0,1214,
2016-12-10,1.7,11.6,1523,
2016-12-11,-0.2,9.2,1615,
2016-12-12,3.7,10.5,1551,
2016-12-13,6.2,10.0,1306,
2016-12-14,2.7,9.1,1347,
2016-12-15,-0.2,5.4,1158,
2016-12-16,-1.2,6.6,1432,
2016-12-17,0.0,11.1,1517,
2016-12-18,1.6,11.0,1601,
2016-12-19,5.9,7.4,2103,11.0
2016-12-20,8.2,14.6,1556,
2016-12-21,6.8,10.2,2317,45.7
2016-12-22,11.5,18.5,251,11.0
2016-12-23,4.1,7.3,1307,
2016-12-24,1.9,7.1,1603,
2016-12-25,3.4,11.0,1549,
2016-12-26,5.7,6.5,1251,15.3
2016-12-27,3.7,7.2,1118,1.0
2016-12-28,-0.5,7.9,1558,
2016-12-29,-0.3,5.2,1139,
2016-12-30,-1.9,7.7,1525,
2016-12-31,0.3,9.9,1534,
2017-01-01,1.6,11.3,1406,
2017-01-02,4.4,14.3,1425,
2017-01-03,2.5,12.0,1514,
2017-01-04,1.8,11.6,1606,
2017-01-05,4.5,10.1,1320,
2017-01-06,5.7,11.1,1459,
2017-01-07,3.8,9.6,1431,0.0
2017-01-08,6.9,13.1,1439,2.9
2017-01-09,4.7,9.4,1511,
2017-01-10,0.8,8.0,1525,
2017-01-11,-0.1,5.5,1551,
2017-01-12,0.8,8.9,1514,
2017-01-13,-0.2,6.0,1506,
2017-01-14,-2.8,1.4,1327,
2017-01-15,-2.8,5.7,1504,
2017-01-16,-2.4,7.1,1543,
2017-01-17,-1.8,6.6,1451,
2017-01-18,1.2,8.0,1449,
2017-01-19,-0.5,9.1,1616,
2017-01-20,-0.6,3.4,1500,
2017-01-21,-1.9,4.2,1445,
2017-01-22,-0.7,3.1,1309,
2017-01-23,-3.5,1.8,1452,
2017-01-24,-3.4,4.6,1328,
2017-01-25,-3.1,7.1,1620,
2017-01-26,-0.2,8.2,1504,
2017-01-27,4.7,10.7,1402,
2017-01-28,1.9,11.6,1512,
2017-01-29,3.6,4.9,1744,4.6
2017-01-30,1.5,5.5,325,0.6
2017-01-31,-1.1,8.6,1558,
2017-02-01,0.9,7.9,1417,
2017-02-02,0.6,10.8,1420,
2017-02-03,1.1,10.6,1511,
2017-02-04,5.7,12.6,1509,1.7
2017-02-05,6.3,12.8,1338,2.7
2017-02-06,2.1,6.9,1429,
2017-02-07,1.2,9.0,1459,
2017-02-08,2.9,8.9,1515,
2017-02-09,0.1,3.1,1352,
2017-02-10,-2.4,1.6,1448,
2017-02-11,-1.0,3.8,1421,
2017-02-12,-0.6,8.2,1550,
2017-02-13,1.8,10.1,1532,
2017-02-14,2.2,11.0,1541,
2017-02-15,2.2,12.9,1452,
2017-02-16,6.7,16.1,1449,2.5
2017-02-17,10.2,15.0,1236,0.4
2017-02-18,2.9,7.9,1338,
2017-02-19,3.7,11.1,2359,
2017-02-20,7.4,13.7,513,0.4
2017-02-21,1.6,10.1,1526,
2017-02-22,3.4,5.1,2325,30.1
2017-02-23,4.1,7.6,1257,
2017-02-24,2.5,8.8,1552,
2017-02-25,2.3,11.2,1451,
2017-02-26,3.0,11.0,1543,
2017-02-27,5.1,13.4,1537,
2017-02-28,5.1,14.4,1501,
2017-03-01,6.5,14.2,1431,0.6
2017-03-02,4.5,9.0,1445,1.3
2017-03-03,4.0,13.3,1404,
2017-03-04,5.6,15.1,1518,
2017-03-05,6.3,15.9,1530,
2017-03-06,4.7,9.8,1407,
2017-03-07,1.2,7.0,1316,
2017-03-08,1.0,8.1,1423,
2017-03-09,5.1,12.6,1526,
2017-03-10,5.6,16.3,1624,
2017-03-11,6.3,18.0,1557,
2017-03-12,8.3,18.1,1431,
2017-03-13,9.3,16.2,1511,
2017-03-14,8.4,14.9,1404,
2017-03-15,5.5,14.0,1419,
2017-03-16,6.5,13.5,1230,
2017-03-17,6.5,17.0,1533,
2017-03-18,7.1,17.0,1607,
2017-03-19,8.5,19.1,1531,
2017-03-20,7.1,12.9,1305,7.9
2017-03-21,9.2,16.3,1325,2.3
2017-03-22,6.9,14.5,1504,
2017-03-23,9.3,16.7,1450,
2017-03-24,8.1,12.9,1248,0.0
2017-03-25,6.3,7.6,1335,10.9
2017-03-26,6.5,12.3,1255,0.7
2017-03-27,5.6,12.6,1449,
2017-03-28,7.4,15.2,1419,0.6
2017-03-29,7.0,8.9,1724,4.5
2017-03-30,10.6,20.3,1454,
2017-03-31,9.9,13.6,1331,2.6
2017-04-01,7.7,13.0,1255,0.6
2017-04-02,8.4,16.5,1450,
2017-04-03,11.0,22.6,1419,
2017-04-04,12.6,21.6,1430,
2017-04-05,13.4,15.9,2341,48.5
2017-04-06,15.6,16.9,1254,15.7
2017-04-07,15.0,24.3,1503,
2017-04-08,16.3,26.5,1441,
2017-04-09,14.9,20.6,1117,
2017-04-10,13.5,20.5,1556,0.1
2017-04-11,13.2,20.0,1537,11.5
2017-04-12,14.0,20.5,1436,
2017-04-13,13.7,21.9,1533,
2017-04-14,15.2,20.1,1251,0.0
2017-04-15,18.0,24.6,1431,0.0
2017-04-16,16.8,27.8,1424,
2017-04-17,14.2,17.7,1718,16.5
2017-04-18,14.7,20.9,1430,0.0
2017-04-19,14.6,22.2,1515,
2017-04-20,13.0,19.2,1314,0.2
2017-04-21,14.3,22.6,1408,
2017-04-22,12.5,19.8,1337,0.0
2017-04-23,14.1,22.3,1332,
2017-04-24,14.6,21.9,1510,
2017-04-25,17.3,22.8,1258,0.1
2017-04-26,14.7,19.6,1620,1.7
2017-04-27,14.7,20.5,1427,
2017-04-28,15.4,24.6,1603,
2017-04-29,17.6,26.0,1653,
2017-04-30,19.6,27.8,1502,
2017-05-01,17.1,25.2,1329,
2017-05-02,15.7,24.9,1536,
2017-05-03,16.6,27.0,1523,
2017-05-04,17.9,25.9,1430,0.6
2017-05-05,17.5,20.3,1433,4.0
2017-05-06,17.6,24.5,1440,
2017-05-07,17.6,27.2,1408,
2017-05-08,17.7,26.0,1257,
2017-05-09,13.6,18.9,130,25.3
2017-05-10,16.6,22.6,1553,0.1
2017-05-11,19.9,29.2,1516,
2017-05-12,17.0,18.9,1,9.1
2017-05-13,18.2,24.7,1250,
2017-05-14,17.2,25.7,1324,
2017-05-15,16.0,23.9,1536,
2017-05-16,16.5,24.4,1345,
2017-05-17,17.1,25.2,1332,
2017-05-18,18.8,28.4,1412,
2017-05-19,20.3,29.8,1358,
2017-05-20,19.6,27.5,1340,
2017-05-21,19.3,26.9,1328,
2017-05-22,19.6,28.3,1237,
2017-05-23,18.9,25.6,1407,
2017-05-24,20.2,25.2,1427,3.9
2017-05-25,21.5,30.4,1539,
2017-05-26,17.4,24.5,1456,
2017-05-27,17.5,25.4,1506,
2017-05-28,18.7,26.3,1609,
2017-05-29,23.5,34.4,1532,
2017-05-30,23.4,32.8,1342,
2017-05-31,21.3,27.7,1404,0.8
2017-06-01,23.4,29.6,1537,
2017-06-02,20.0,27.6,1250,
2017-06-03,21.1,28.1,1556,0.0
2017-06-04,19.8,29.4,1514,
2017-06-05,19.5,28.5,1400,
2017-06-06,17.2,22.2,1219,10.7
2017-06-07,19.6,24.5,1518,12.6
2017-06-08,21.3,29.5,1628,
2017-06-09,22.6,30.7,1546,
2017-06-10,22.0,28.5,1216,
2017-06-11,20.6,27.0,1337,2.3
2017-06-12,19.0,24.6,1332,
2017-06-13,18.8,27.5,1259,0.3
2017-06-14,20.9,28.9,1526,
2017-06-15,23.3,32.6,1534,
2017-06-16,21.8,28.6,1230,
2017-06-17,22.0,30.9,1414,
2017-06-18,22.6,32.7,1410,
2017-06-19,24.1,33.0,1443,
2017-06-20,21.2,26.0,1313,10.3
2017-06-21,22.5,29.5,1247,
2017-06-22,23.5,31.3,1432,
2017-06-23,23.8,31.5,1323,
2017-06-24,23.1,29.2,1217,
2017-06-25,23.3,27.9,1439,0.5
2017-06-26,21.7,24.7,1248,10.5
2017-06-27,22.8,27.4,1558,0.0
2017-06-28,23.4,30.8,1346,
2017-06-29,22.0,25.6,1517,4.8
2017-06-30,24.1,28.2,1437,0.0
2017-07-01,25.9,31.7,1419,
2017-07-02,26.0,28.7,1311,1.4
2017-07-03,26.6,29.6,1217,0.3
2017-07-04,26.1,31.5,1325,1.9
2017-07-05,25.8,31.5,1309,17.6
2017-07-06,24.8,28.1,1055,5.2
2017-07-07,25.2,29.4,1452,0.3
2017-07-08,25.5,30.2,1538,7.1
2017-07-09,26.8,31.7,1258,
2017-07-10,26.9,29.0,1346,0.0
2017-07-11,26.1,28.2,1244,0.0
2017-07-12,27.4,33.8,1350,
2017-07-13,26.8,33.3,1608,
2017-07-14,26.7,33.5,1414,0.0
2017-07-15,27.0,29.9,1111,0.0
2017-07-16,28.8,33.8,1316,
2017-07-17,26.6,32.0,1139,4.8
2017-07-18,26.7,31.1,1604,1.9
2017-07-19,27.8,34.5,1531,
2017-07-20,28.5,34.7,1502,
2017-07-21,30.2,36.3,1453,
2017-07-22,30.0,36.7,1442,
2017-07-23,29.0,33.2,1411,
2017-07-24,29.7,35.2,1336,0.1
2017-07-25,27.3,34.1,1406,17.2
2017-07-26,26.1,32.8,1520,
2017-07-27,25.7,33.3,1411,
2017-07-28,27.2,34.6,1503,
2017-07-29,25.9,29.4,1338,
2017-07-30,26.8,31.7,1626,
2017-07-31,26.2,31.2,1322,38.2
2017-08-01,27.3,34.0,1524,
2017-08-02,26.9,32.6,1711,
2017-08-03,27.5,33.9,1456,
2017-08-04,28.9,35.1,1434,
2017-08-05,29.6,36.3,1445,
2017-08-06,30.9,36.9,1421,
2017-08-07,30.5,37.1,1416,
2017-08-08,28.0,32.7,1143,0.0
2017-08-09,26.7,30.7,1454,0.2
2017-08-10,28.8,34.6,1544,
2017-08-11,26.6,34.0,1411,28.8
2017-08-12,25.8,31.2,1512,0.0
2017-08-13,24.1,27.6,1300,1.6
2017-08-14,22.0,23.0,1557,48.5
2017-08-15,22.8,23.8,1442,5.7
2017-08-16,26.3,31.7,1503,0.8
2017-08-17,26.8,32.4,1503,0.8
2017-08-18,26.6,31.6,1340,0.0
2017-08-19,25.7,29.0,1159,12.8
2017-08-20,24.8,28.9,1253,26.2
2017-08-21,25.3,30.0,1243,20.2
2017-08-22,26.1,30.1,1720,8.1
2017-08-23,28.3,32.7,1301,11.6
2017-08-24,29.4,32.4,1333,0.3
2017-08-25,27.6,33.3,1523,0.8
2017-08-26,23.6,31.4,1409,
2017-08-27,22.9,30.5,1600,
2017-08-28,24.9,30.7,1453,
2017-08-29,26.9,31.8,1329,0.0
2017-08-30,22.3,27.5,1413,
2017-08-31,21.9,29.3,1422,
2017-09-01,22.7,28.5,1446,
2017-09-02,20.2,25.5,1456,
2017-09-03,21.5,28.3,1613,
2017-09-04,21.8,26.8,1339,
2017-09-05,21.5,24.2,1433,0.7
2017-09-06,20.8,23.9,1416,32.3
2017-09-07,20.6,25.9,1627,1.0
2017-09-08,22.3,30.1,1526,
2017-09-09,22.2,30.0,1515,
2017-09-10,22.6,29.7,1418,
2017-09-11,20.9,23.7,1623,74.4
2017-09-12,22.9,30.9,1522,
2017-09-13,20.6,29.3,1440,
2017-09-14,20.3,27.8,1452,
2017-09-15,20.0,25.0,1325,
2017-09-16,21.5,24.5,1414,
2017-09-17,22.2,26.2,1530,
2017-09-18,20.8,28.7,1538,
2017-09-19,21.7,28.2,1408,
2017-09-20,20.6,26.0,1558,
2017-09-21,18.2,26.8,1520,
2017-09-22,19.3,27.6,1531,
2017-09-23,19.6,27.2,1409,
2017-09-24,20.5,29.1,1510,
2017-09-25,21.7,29.4,1322,
2017-09-26,22.1,28.6,1327,
2017-09-27,19.2,20.7,1447,8.2
2017-09-28,20.1,27.3,1427,
2017-09-29,15.8,23.3,1523,
2017-09-30,15.7,26.5,1525,
2017-10-01,14.9,18.0,1346,25.3
2017-10-02,21.1,26.1,1338,37.4
2017-10-03,20.7,27.5,1440,10.8
2017-10-04,18.6,24.2,1355,
2017-10-05,16.9,20.2,1022,2.9
2017-10-06,16.2,19.1,1607,7.8
2017-10-07,18.8,24.5,1458,0.0
2017-10-08,20.4,27.6,1351,
2017-10-09,20.9,28.6,1421,
2017-10-10,21.6,29.2,1435,
2017-10-11,21.1,26.6,1434,
2017-10-12,14.4,18.0,24,18.6
2017-10-13,14.3,22.2,1604,
2017-10-14,15.8,22.0,1552,
2017-10-15,14.7,18.0,1539,2.8
2017-10-16,15.6,18.7,1413,
2017-10-17,14.9,21.6,1323,
2017-10-18,15.9,19.0,1242,0.0
2017-10-19,16.6,22.2,1341,
2017-10-20,15.9,23.2,1405,
2017-10-21,15.7,22.9,1440,
2017-10-22,17.7,22.8,1335,
2017-10-23,14.9,20.1,1421,
2017-10-24,11.4,17.8,1525,0.1
2017-10-25,11.3,21.1,1526,
2017-10-26,11.8,21.2,1539,
2017-10-27,13.1,22.9,1428,
2017-10-28,16.1,20.8,1438,
2017-10-29,15.1,22.3,1121,
2017-10-30,9.0,17.8,1544,
2017-10-31,8.1,18.9,1425,
2017-11-01,9.9,20.0,1503,
2017-11-02,11.0,19.7,1454,
2017-11-03,12.1,21.6,1408,
2017-11-04,8.8,16.2,1455,
2017-11-05,6.7,17.6,1536,
2017-11-06,8.2,19.0,1422,
2017-11-07,13.0,19.4,1248,
2017-11-08,15.3,22.8,1335,
2017-11-09,9.8,19.7,1408,
2017-11-10,12.7,21.0,1433,
2017-11-11,8.6,15.9,1519,
2017-11-12,5.6,16.1,1456,
2017-11-13,8.1,16.2,1318,
2017-11-14,10.2,18.5,1345,
2017-11-15,6.1,14.3,1350,
2017-11-16,3.4,11.9,1521,
2017-11-17,5.9,13.4,1337,
2017-11-18,5.3,9.9,443,
2017-11-19,3.4,9.0,1336,
2017-11-20,4.5,11.1,1403,
2017-11-21,2.7,12.0,1425,
2017-11-22,6.5,13.3,1511,
2017-11-23,3.5,9.2,1159,0.0
2017-11-24,2.3,10.7,1418,
2017-11-25,2.9,10.6,1401,
2017-11-26,7.2,16.6,1419,
2017-11-27,5.2,14.5,1437,
2017-11-28,8.4,18.1,1335,
2017-11-29,9.4,16.8,1314,
2017-11-30,6.1,11.0,1419,
2017-12-01,1.2,8.3,1429,
2017-12-02,-0.6,8.8,1450,
2017-12-03,2.4,12.8,1428,
2017-12-04,3.3,10.8,1135,
2017-12-05,-1.4,5.2,1501,
2017-12-06,-0.2,9.4,1421,
2017-12-07,2.0,11.6,1337,0.0
2017-12-08,0.7,4.8,1437,
2017-12-09,0.9,8.5,1306,
2017-12-10,3.8,10.8,1419,1.2
2017-12-11,0.6,4.7,34,
2017-12-12,-2.7,1.8,1520,
2017-12-13,-3.2,3.7,1337,
2017-12-14,-2.9,6.0,1503,
2017-12-15,-0.3,9.2,1507,
2017-12-16,0.0,4.5,1415,
2017-12-17,-2.3,4.1,1404,
2017-12-18,0.7,8.2,1538,0.0
2017-12-19,-0.1,5.9,1352,
2017-12-20,-1.9,6.6,1512,
2017-12-21,-1.1,9.6,1507,
2017-12-22,-0.9,10.4,1421,
2017-12-23,0.9,11.8,1530,
2017-12-24,5.3,12.9,1552,12.8
2017-12-25,2.0,6.8,1343,
2017-12-26,0.4,8.0,1234,
2017-12-27,-1.4,4.7,1444,
2017-12-28,-1.6,5.4,1330,
2017-12-29,2.1,11.3,1449,
2017-12-30,1.7,6.1,1554,
2017-12-31,3.7,7.8,1332,0.0
2018-01-01,0.9,7.7,1442,
2018-01-02,0.7,9.4,1553,
2018-01-03,2.0,6.9,1341,
2018-01-04,1.4,5.6,1503,
2018-01-05,2.4,8.6,1516,
2018-01-06,-0.3,9.5,1600,
2018-01-07,-0.3,6.2,1534,0.9
2018-01-08,3.2,5.3,1506,1.5
2018-01-09,1.8,5.2,1418,
2018-01-10,-1.7,1.0,1345,0.5
2018-01-11,-5.4,0.4,1409,
2018-01-12,-6.4,0.0,1436,
2018-01-13,,6.6,1436,
2018-01-14,-1.1,9.0,1457,
2018-01-15,3.8,14.8,1443,
2018-01-16,2.9,6.1,1938,22.9
2018-01-17,4.5,10.7,1638,4.1
2018-01-18,2.9,11.5,1323,
2018-01-19,1.0,11.2,1514,
2018-01-20,0.0,9.7,1429,
2018-01-21,1.1,9.8,1431,
2018-01-22,4.7,9.5,1415,0.0
2018-01-23,-3.1,5.2,1,
2018-01-24,-6.6,-1.6,1404,
2018-01-25,-5.6,-0.5,1346,
2018-01-26,-5.7,0.1,1528,
2018-01-27,-4.7,4.4,1518,
2018-01-28,0.5,6.0,1548,
2018-01-29,-2.9,2.8,1337,
2018-01-30,-4.1,3.4,1514,
2018-01-31,-1.8,5.0,1311,
2018-02-01,-1.2,7.7,1538,
2018-02-02,-1.9,6.4,1412,
2018-02-03,-3.6,1.6,1430,
2018-02-04,-4.5,-0.8,1329,
2018-02-05,-5.0,-0.4,1507,
2018-02-06,-5.3,-1.2,1344,
2018-02-07,-6.1,2.9,1529,
2018-02-08,-3.7,6.7,1605,
2018-02-09,3.0,11.1,1415,
2018-02-10,3.3,10.0,1230,
2018-02-11,-1.4,3.0,1406,
2018-02-12,-1.8,2.2,1139,
2018-02-13,0.3,7.6,1606,
2018-02-14,5.1,14.7,1512,
2018-02-15,5.0,12.5,1537,
2018-02-16,3.4,10.9,1505,
2018-02-17,2.5,10.7,1555,
2018-02-18,3.1,10.7,1604,
2018-02-19,4.3,11.5,1416,
2018-02-20,4.3,13.2,1357,
2018-02-21,2.9,6.9,1437,
2018-02-22,0.3,8.7,1506,
2018-02-23,2.7,11.7,1505,0.0
2018-02-24,5.5,14.4,1502,
2018-02-25,6.2,13.0,1236,
2018-02-26,4.5,15.3,1436,
2018-02-27,5.6,15.2,1338,
2018-02-28,5.9,9.4,1121,30.8
2018-03-01,5.2,10.6,955,
2018-03-02,2.9,11.2,1520,
2018-03-03,6.9,16.9,1603,
2018-03-04,9.4,14.1,1434,13.1
2018-03-05,6.8,11.5,635,6.0
2018-03-06,6.0,13.2,1453,
2018-03-07,4.7,8.2,1513,12.7
2018-03-08,4.7,8.4,1609,38.7
2018-03-09,5.3,10.0,1423,
2018-03-10,6.3,13.7,1515,
2018-03-11,6.2,15.1,1601,
2018-03-12,7.6,16.7,1405,
2018-03-13,10.2,19.6,1518,
2018-03-14,13.3,21.5,1446,
2018-03-15,14.3,16.1,1601,43.5
2018-03-16,6.8,13.9,16,3.8
2018-03-17,4.9,13.6,1531,
2018-03-18,6.8,11.6,1557,9.7
2018-03-19,9.0,12.0,1134,40.4
2018-03-20,5.6,10.1,1216,1.4
2018-03-21,1.9,3.4,1602,9.9
2018-03-22,6.0,14.2,1607,
2018-03-23,6.4,16.3,1519,
2018-03-24,8.7,18.4,1622,
2018-03-25,10.8,20.7,1425,
2018-03-26,11.5,22.0,1523,
2018-03-27,12.3,22.7,1438,
2018-03-28,13.4,23.3,1339,
2018-03-29,14.1,24.0,1444,
2018-03-30,12.3,20.7,1509,
2018-03-31,12.4,21.4,1315,
2018-04-01,14.9,22.3,1407,
2018-04-02,16.3,23.6,1342,
2018-04-03,17.4,24.2,1446,
2018-04-04,14.1,19.0,1047,15.7
2018-04-05,8.9,9.7,1141,4.9
2018-04-06,10.4,17.2,1354,17.1
2018-04-07,6.0,10.0,1525,
2018-04-08,8.5,13.3,1558,0.0
2018-04-09,12.9,20.9,1405,
2018-04-10,13.6,20.7,1338,
2018-04-11,19.1,25.1,1329,0.2
2018-04-12,13.7,21.3,1447,
2018-04-13,12.4,17.7,1304,0.0
2018-04-14,10.2,12.4,1,34.8
2018-04-15,13.1,19.4,1503,
2018-04-16,11.5,18.5,1429,
2018-04-17,12.8,20.5,1408,
2018-04-18,13.4,22.1,1441,
2018-04-19,14.5,24.9,1437,
2018-04-20,16.4,28.4,1430,
2018-04-21,16.5,25.5,1451,
2018-04-22,16.0,20.5,1423,0.4
2018-04-23,11.2,15.0,105,45.8
2018-04-24,12.4,14.4,1440,8.9
2018-04-25,13.4,21.8,1550,
2018-04-26,14.2,24.4,1503,
2018-04-27,16.1,25.3,1526,
2018-04-28,15.4,24.3,1448,
2018-04-29,16.0,23.1,1301,
2018-04-30,17.7,23.6,1448,
2018-05-01,16.7,20.4,1316,0.2
2018-05-02,16.3,18.9,1704,3.2
2018-05-03,13.3,19.1,1133,
2018-05-04,15.1,21.6,1434,
2018-05-05,16.9,25.2,1309,
2018-05-06,16.9,18.0,1554,16.2
2018-05-07,16.0,19.9,1704,24.4
2018-05-08,14.9,18.6,1421,
2018-05-09,14.1,20.0,1539,
2018-05-10,15.8,23.2,1526,
2018-05-11,16.5,23.6,1318,
2018-05-12,17.0,20.6,1103,7.1
2018-05-13,19.6,26.6,1526,7.9
2018-05-14,19.0,26.9,1407,
2018-05-15,20.4,28.2,1259,0.3
2018-05-16,21.0,21.7,1159,3.3
2018-05-17,21.6,25.5,1224,1.8
2018-05-18,21.2,27.7,1414,1.4
2018-05-19,15.5,19.6,1642,0.5
2018-05-20,15.6,22.8,1247,
2018-05-21,17.2,22.8,1525,
2018-05-22,17.7,24.7,1437,7.8
2018-05-23,19.9,27.2,1618,17.4
2018-05-24,18.9,28.9,1419,
2018-05-25,19.2,27.5,1301,
2018-05-26,19.9,28.0,1407,
2018-05-27,20.3,26.2,1215,
2018-05-28,19.0,22.5,923,2.8
2018-05-29,21.9,28.0,1326,0.0
2018-05-30,22.1,27.3,1235,
2018-05-31,19.7,27.2,1608,
2018-06-01,21.4,32.2,1419,
2018-06-02,23.0,32.4,1423,
2018-06-03,22.0,30.1,1233,
2018-06-04,22.2,29.1,1241,
2018-06-05,19.8,23.5,1618,1.5
2018-06-06,22.3,30.4,1521,
2018-06-07,23.2,31.3,1301,
2018-06-08,23.5,30.1,1551,
2018-06-09,22.7,26.3,1109,0.0
2018-06-10,19.6,22.9,1444,1.4
2018-06-11,17.7,21.7,1530,32.3
2018-06-12,18.5,23.1,1625,19.4
2018-06-13,20.1,25.1,1555,
2018-06-14,20.1,25.8,1409,
2018-06-15,19.7,25.6,1635,
2018-06-16,19.3,26.1,1615,
2018-06-17,20.4,28.2,1320,
2018-06-18,23.0,29.6,1421,
2018-06-19,21.3,27.3,1421,8.4
2018-06-20,23.2,29.7,1409,0.0
2018-06-21,23.6,31.5,1352,
2018-06-22,22.6,30.3,1421,
2018-06-23,22.5,28.7,1523,0.0
2018-06-24,25.0,33.2,1329,
2018-06-25,24.6,32.1,1245,
2018-06-26,23.1,26.6,1513,0.3
2018-06-27,25.0,28.7,1402,12.0
2018-06-28,21.9,23.9,1,91.9
2018-06-29,24.1,28.0,1515,2.9
2018-06-30,21.2,22.8,5,37.6
2018-07-01,23.6,28.6,1334,53.5
2018-07-02,24.8,28.6,1356,57.4
2018-07-03,23.6,24.8,2223,14.4
2018-07-04,26.4,31.2,1149,0.0
2018-07-05,23.5,26.3,1610,81.9
2018-07-06,21.2,22.6,8,4.9
2018-07-07,21.3,24.6,1355,
2018-07-08,20.6,23.9,1258,
2018-07-09,19.3,20.2,2312,23.4
2018-07-10,24.0,28.8,1519,
2018-07-11,26.6,31.3,1316,
2018-07-12,27.0,31.9,1443,
2018-07-13,27.5,34.0,1400,
2018-07-14,28.2,34.1,1405,
2018-07-15,28.1,34.5,1507,
2018-07-16,27.9,33.6,1304,
2018-07-17,27.3,33.1,1405,
2018-07-18,27.9,34.3,1422,
2018-07-19,28.1,35.0,1447,
2018-07-20,28.6,36.0,1541,
2018-07-21,29.1,35.1,1707,
2018-07-22,27.8,33.3,1538,
2018-07-23,28.6,34.2,1445,
2018-07-24,28.8,33.5,1314,
2018-07-25,29.4,35.2,1351,
2018-07-26,30.6,37.1,1607,
2018-07-27,30.0,37.9,1339,0.4
2018-07-28,28.6,35.0,1419,
2018-07-29,30.5,36.4,1445,
2018-07-30,28.1,34.5,1357,4.9
2018-07-31,28.4,34.9,1442,
2018-08-01,29.1,36.4,1434,
2018-08-02,29.4,36.2,1324,
2018-08-03,28.9,33.9,1214,
2018-08-04,29.3,34.5,1346,
2018-08-05,30.6,37.1,1551,
2018-08-06,30.0,36.8,1520,0.0
2018-08-07,28.4,34.4,1449,0.1
2018-08-08,27.9,36.1,1424,3.5
2018-08-09,28.8,34.7,1525,0.0
2018-08-10,27.1,32.2,1148,1.6
2018-08-11,26.6,30.5,1410,0.0
2018-08-12,27.4,32.8,1653,0.1
2018-08-13,29.2,35.8,1414,
2018-08-14,29.1,37.1,1515,
2018-08-15,28.6,36.8,1300,0.1
2018-08-16,25.6,31.2,1238,29.7
2018-08-17,24.2,30.1,1434,
2018-08-18,23.1,30.6,1558,
2018-08-19,24.1,32.0,1542,
2018-08-20,24.8,31.9,1433,
2018-08-21,26.6,34.0,1423,
2018-08-22,28.9,34.1,1201,
2018-08-23,26.4,29.8,17,17.7
2018-08-24,27.8,31.8,1608,5.4
2018-08-25,24.5,27.3,1519,0.3
2018-08-26,22.2,24.2,1,70.5
2018-08-27,23.7,27.4,1323,46.0
2018-08-28,26.1,31.9,1452,0.1
2018-08-29,26.4,31.3,1309,0.0
2018-08-30,26.6,30.3,1136,6.0
2018-08-31,24.3,25.9,735,31.6
2018-09-01,22.3,26.6,1443,25.6
2018-09-02,21.1,23.1,1116,11.6
2018-09-03,23.4,25.6,1519,58.1
2018-09-04,24.2,31.2,1503,33.3
2018-09-05,22.4,29.4,1541,
2018-09-06,22.0,25.1,1300,
2018-09-07,21.1,25.6,1343,3.7
2018-09-08,18.4,22.8,1242,
2018-09-09,20.5,27.9,1559,
2018-09-10,20.3,26.8,1352,
2018-09-11,19.5,25.6,1515,
2018-09-12,22.0,28.4,1500,0.0
2018-09-13,20.7,22.5,1423,10.2
2018-09-14,21.4,23.7,1522,24.7
2018-09-15,21.8,22.8,1229,5.8
2018-09-16,23.9,28.9,1259,
2018-09-17,23.1,28.5,1529,
2018-09-18,22.8,29.1,1508,
2018-09-19,20.6,24.3,1308,0.2
2018-09-20,20.3,22.3,1334,10.1
2018-09-21,19.4,21.4,1630,18.3
2018-09-22,20.3,27.6,1534,
2018-09-23,19.3,27.5,1301,
2018-09-24,16.6,21.8,1243,
2018-09-25,16.6,24.9,1557,
2018-09-26,17.9,23.2,1508,
2018-09-27,17.6,25.1,1536,
2018-09-28,18.1,23.9,1513,
2018-09-29,18.7,21.1,1328,0.0
2018-09-30,21.0,27.8,1315,
2018-10-01,17.0,21.5,1306,0.0
2018-10-02,16.0,23.7,1454,
2018-10-03,15.3,25.1,1550,
2018-10-04,17.5,25.2,1422,1.6
2018-10-05,17.9,19.4,1605,55.5
2018-10-06,20.5,25.6,1433,165.8
2018-10-07,17.9,27.0,1527,
2018-10-08,15.5,22.8,1446,
2018-10-09,14.7,18.5,1500,
2018-10-10,15.0,19.8,1312,
2018-10-11,12.0,18.5,1326,
2018-10-12,9.9,18.6,1540,
2018-10-13,11.6,21.1,1407,
2018-10-14,13.7,21.0,1334,
2018-10-15,14.3,22.7,1518,
2018-10-16,11.8,16.9,1251,
2018-10-17,12.3,21.0,1451,
2018-10-18,12.4,20.5,1542,
2018-10-19,,20.8,1541,
2018-10-20,11.1,21.2,1356,
2018-10-21,10.7,21.9,1335,
2018-10-22,12.6,20.2,1506,
2018-10-23,13.8,21.9,1506,0.0
2018-10-24,11.8,21.1,1509,
2018-10-25,11.3,20.6,1515,
2018-10-26,12.4,15.6,1155,0.9
2018-10-27,10.0,16.2,1101,
2018-10-28,11.3,18.6,1522,0.2
2018-10-29,10.4,19.1,1501,0.1
2018-10-30,8.1,15.7,1431,
2018-10-31,8.1,16.7,1521,
2018-11-01,6.8,17.6,1434,
2018-11-02,7.6,18.8,1508,
2018-11-03,8.2,19.6,1452,
2018-11-04,9.4,21.1,1430,
2018-11-05,9.7,20.9,1450,
2018-11-06,10.9,20.5,1454,
2018-11-07,12.8,17.8,1430,0.5
2018-11-08,14.0,17.6,1929,19.5
2018-11-09,12.7,17.7,1558,
2018-11-10,9.1,20.0,1420,
2018-11-11,10.1,17.6,1220,3.5
2018-11-12,10.6,17.2,1426,1.5
2018-11-13,9.5,16.9,1348,
2018-11-14,8.9,17.4,1423,
2018-11-15,8.7,18.6,1357,
2018-11-16,8.6,11.7,1440,1.0
2018-11-17,7.8,17.3,1535,
2018-11-18,5.7,10.7,1512,
2018-11-19,7.1,15.4,1326,
2018-11-20,5.6,15.1,1544,
2018-11-21,5.9,10.2,1424,
2018-11-22,5.4,10.4,1436,
2018-11-23,2.8,11.5,1411,
2018-11-24,2.7,5.9,1508,1.5
2018-11-25,5.0,12.0,1459,
2018-11-26,5.2,16.2,1510,
2018-11-27,6.6,18.6,1509,
2018-11-28,5.9,15.6,1243,
2018-11-29,5.0,14.9,1510,
2018-11-30,5.7,15.3,1506,
2018-12-01,5.2,12.1,1556,
2018-12-02,9.1,17.3,1437,0.0
2018-12-03,12.8,15.3,1556,9.5
2018-12-04,13.3,18.2,1424,12.0
2018-12-05,7.3,12.3,1451,
2018-12-06,5.8,8.2,1455,2.5
2018-12-07,0.2,4.8,229,
2018-12-08,-1.7,3.3,1442,
2018-12-09,-1.7,4.8,1609,
2018-12-10,-1.7,8.3,1457,
2018-12-11,2.0,5.0,1508,1.5
2018-12-12,1.2,6.4,1346,
2018-12-13,0.8,8.0,1334,
2018-12-14,-0.1,7.3,1443,
2018-12-15,-1.7,9.0,1532,
2018-12-16,0.1,3.8,1507,1.0
2018-12-17,2.2,10.1,1334,
2018-12-18,1.5,10.7,1404,
2018-12-19,4.6,14.8,1311,
2018-12-20,4.4,9.6,1528,
2018-12-21,4.8,14.9,1515,
2018-12-22,7.0,16.1,1439,0.0
2018-12-23,7.7,12.3,1412,2.5
2018-12-24,1.0,8.9,1459,
2018-12-25,1.0,7.0,1509,
2018-12-26,5.3,10.8,1338,
2018-12-27,-0.6,3.8,1346,
2018-12-28,-3.8,1.9,1517,
2018-12-29,-2.0,2.3,1552,
2018-12-30,-2.0,4.0,1545,
2018-12-31,-1.2,8.3,1541,
2019-01-01,-1.3,6.3,1445,
2019-01-02,-0.6,7.0,1448,
2019-01-03,-1.8,9.4,1453,
2019-01-04,-0.4,6.1,1529,
2019-01-05,2.3,10.5,1501,
2019-01-06,0.0,10.5,1528,
2019-01-07,0.1,9.1,1457,
2019-01-08,0.8,8.6,1347,
2019-01-09,-0.4,4.9,1458,
2019-01-10,2.5,9.1,1340,
2019-01-11,2.4,10.0,1547,0.0
2019-01-12,3.7,9.5,1500,4.0
2019-01-13,1.6,11.4,1503,
2019-01-14,1.2,11.3,1500,
2019-01-15,2.2,10.0,1445,
2019-01-16,-0.8,6.2,1454,
2019-01-17,0.0,7.1,1342,
2019-01-18,0.7,10.9,1521,
2019-01-19,3.7,12.2,1333,0.0
2019-01-20,3.5,9.2,1316,0.0
2019-01-21,-0.5,9.1,1610,
2019-01-22,0.5,10.8,1607,
2019-01-23,1.7,12.3,1457,
2019-01-24,0.8,11.5,1518,
2019-01-25,0.4,7.9,1248,
2019-01-26,-0.3,5.7,1543,
2019-01-27,-1.4,9.1,1531,
2019-01-28,1.7,10.9,1337,
2019-01-29,0.1,10.4,1535,
2019-01-30,3.8,12.5,1411,
2019-01-31,0.7,7.0,52,9.5
2019-02-01,-1.0,6.4,1413,
2019-02-02,1.4,9.2,1521,0.0
2019-02-03,6.8,12.3,1525,13.5
2019-02-04,4.8,10.6,1442,
2019-02-05,2.4,12.9,1530,
2019-02-06,5.1,15.5,1448,
2019-02-07,5.2,11.6,1026,
2019-02-08,1.7,8.0,1547,
2019-02-09,1.2,4.5,1425,
2019-02-10,2.1,7.1,1444,
2019-02-11,1.1,7.3,1533,
2019-02-12,0.9,9.1,1543,
2019-02-13,3.2,9.4,1445,
2019-02-14,2.5,9.6,1536,
2019-02-15,4.1,11.6,1354,
2019-02-16,1.8,6.0,1443,
2019-02-17,0.7,9.7,1445,
2019-02-18,2.3,7.5,1404,0.0
2019-02-19,4.2,8.9,1609,29.0
2019-02-20,4.5,10.6,1512,
2019-02-21,4.0,11.8,1513,
2019-02-22,4.2,12.6,1604,
2019-02-23,5.4,14.3,1551,
2019-02-24,5.9,15.6,1456,
2019-02-25,6.9,17.5,1446,
2019-02-26,6.6,15.3,1457,
2019-02-27,7.9,13.5,1338,0.5
2019-02-28,8.5,15.4,1424,0.5
2019-03-01,6.7,15.4,1503,
2019-03-02,7.6,15.6,1547,
2019-03-03,10.2,15.0,1411,0.0
2019-03-04,10.2,17.2,1540,
2019-03-05,8.9,15.5,1403,
2019-03-06,9.2,14.4,1551,2.0
2019-03-07,7.5,14.9,1502,
2019-03-08,6.7,16.1,1505,
2019-03-09,8.0,16.1,1355,0.0
2019-03-10,7.1,9.5,17,21.0
2019-03-11,6.8,15.3,1429,0.0
2019-03-12,6.9,14.1,1429,0.0
2019-03-13,4.5,10.6,1414,
2019-03-14,5.3,13.2,1539,
2019-03-15,5.1,13.2,1355,0.0
2019-03-16,6.1,12.8,1430,
2019-03-17,7.2,15.6,1456,
2019-03-18,8.1,14.8,1249,
2019-03-19,11.6,22.0,1518,
2019-03-20,11.2,17.2,1220,19.0
2019-03-21,14.6,19.8,1410,0.0
2019-03-22,9.3,15.2,1459,
2019-03-23,6.3,12.8,1419,0.0
2019-03-24,4.9,12.1,1401,
2019-03-25,6.0,13.1,1345,
2019-03-26,9.7,21.1,1439,
2019-03-27,12.3,20.1,1357,
2019-03-28,12.8,19.5,1223,
2019-03-29,12.7,19.5,1444,
2019-03-30,11.2,18.1,1335,0.0
2019-03-31,6.6,11.8,1353,
2019-04-01,6.3,13.4,1541,
2019-04-02,7.7,15.3,1529,
2019-04-03,8.8,15.7,1539,
2019-04-04,10.9,20.5,1453,
2019-04-05,12.8,21.9,1533,
2019-04-06,12.6,20.7,1244,
2019-04-07,11.5,18.5,1212,
2019-04-08,14.3,21.6,1541,
2019-04-09,10.4,16.4,1159,24.0
2019-04-10,8.4,11.6,1602,10.9
2019-04-11,9.1,14.3,1455,
2019-04-12,10.9,19.4,1436,
2019-04-13,11.5,18.8,1533,
2019-04-14,12.2,16.5,1717,0.0
2019-04-15,11.3,21.5,1340,
2019-04-16,13.1,22.8,1430,
2019-04-17,15.2,21.6,1602,
2019-04-18,14.8,23.8,1340,
2019-04-19,12.7,16.6,1300,
2019-04-20,14.0,22.3,1517,
2019-04-21,16.5,25.0,1424,
2019-04-22,17.5,26.0,1335,
2019-04-23,14.7,18.5,1209,8.3
2019-04-24,17.6,21.7,1512,6.0
2019-04-25,15.2,17.2,237,11.1
2019-04-26,12.3,15.1,1117,0.0
2019-04-27,12.0,18.7,1542,0.0
2019-04-28,12.0,18.9,1639,0.1
2019-04-29,11.1,11.8,2132,54.2
2019-04-30,15.7,20.8,1611,
2019-05-01,16.7,23.7,1650,
2019-05-02,16.0,25.1,1609,
2019-05-03,16.2,27.9,1535,
2019-05-04,16.7,28.2,1404,
2019-05-05,18.1,27.6,1459,
2019-05-06,15.4,24.1,1418,
2019-05-07,14.6,22.2,1427,0.0
2019-05-08,14.7,22.9,1254,
2019-05-09,16.2,24.8,1335,
2019-05-10,16.7,27.6,1502,
2019-05-11,17.9,28.0,1343,
2019-05-12,18.3,28.5,1344,
2019-05-13,17.8,25.4,1258,
2019-05-14,21.0,26.9,1246,0.0
2019-05-15,20.3,28.8,1301,
2019-05-16,20.8,30.1,1305,
2019-05-17,20.7,29.5,1230,4.7
2019-05-18,17.2,18.0,1541,44.2
2019-05-19,18.6,20.4,1233,15.7
2019-05-20,17.5,22.9,1500,0.4
2019-05-21,17.6,26.2,1554,
2019-05-22,18.7,27.7,1309,
2019-05-23,21.1,31.8,1458,
2019-05-24,21.5,30.5,1309,
2019-05-25,22.4,32.2,1515,
2019-05-26,22.0,28.5,1243,0.1
2019-05-27,19.8,21.2,143,66.0
2019-05-28,18.8,26.6,1452,
2019-05-29,19.7,30.3,1544,
2019-05-30,20.3,29.0,1403,0.0
2019-05-31,17.1,22.6,1527,1.2
2019-06-01,19.0,27.0,1507,
2019-06-02,20.1,28.6,1327,
2019-06-03,21.5,30.3,1501,
2019-06-04,22.5,30.7,1409,
2019-06-05,23.9,32.7,1339,
2019-06-06,21.1,28.3,1252,21.4
2019-06-07,19.0,22.7,1445,15.8
2019-06-08,20.2,25.8,1519,0.2
2019-06-09,20.6,26.2,1457,
2019-06-10,19.2,23.1,1451,0.3
2019-06-11,19.0,24.9,1446,1.9
2019-06-12,20.7,27.6,1534,
2019-06-13,21.1,28.3,1427,
2019-06-14,19.1,22.7,1455,2.7
2019-06-15,21.9,29.2,1554,0.0
2019-06-16,20.9,27.0,1338,
2019-06-17,21.9,26.9,1524,
2019-06-18,22.3,27.5,1456,
2019-06-19,22.8,30.1,1516,0.0
2019-06-20,24.2,30.1,1427,
2019-06-21,24.4,30.1,1326,
2019-06-22,22.3,27.7,1340,0.5
2019-06-23,21.5,28.4,1616,6.3
2019-06-24,21.9,27.7,1419,
2019-06-25,23.3,29.9,1219,
2019-06-26,18.5,19.8,2104,93.7
2019-06-27,23.9,29.6,1549,40.0
2019-06-28,24.2,28.3,1538,
2019-06-29,20.7,21.5,1,60.9
2019-06-30,23.9,29.6,1412,
2019-07-01,23.8,26.2,1018,0.3
2019-07-02,24.0,29.6,1339,
2019-07-03,23.1,28.2,1238,
2019-07-04,24.5,31.6,1328,
2019-07-05,24.8,31.6,1524,
2019-07-06,25.0,32.0,1455,
2019-07-07,23.1,28.6,1347,
2019-07-08,23.1,28.0,1324,0.0
2019-07-09,23.0,26.7,1229,
2019-07-10,20.7,21.8,1,27.0
2019-07-11,24.2,29.5,1524,0.1
2019-07-12,24.3,29.5,1400,
2019-07-13,22.1,25.2,1727,0.9
2019-07-14,23.8,29.2,1246,0.6
2019-07-15,24.1,28.9,1504,5.1
2019-07-16,23.7,29.3,1407,4.8
2019-07-17,24.4,29.1,1534,2.0
2019-07-18,22.5,24.2,1439,24.8
2019-07-19,23.5,24.7,1710,30.7
2019-07-20,24.1,25.7,1129,113.1
2019-07-21,25.3,28.6,1631,24.0
2019-07-22,26.8,31.7,1526,
2019-07-23,27.3,32.1,1401,
2019-07-24,26.3,28.9,1620,
2019-07-25,26.6,29.5,1459,0.0
2019-07-26,27.1,29.7,1425,0.0
2019-07-27,26.7,28.3,1430,0.6
2019-07-28,27.7,31.0,1333,
2019-07-29,27.8,32.1,1456,
2019-07-30,28.5,32.1,1459,
2019-07-31,28.8,32.6,1528,
2019-08-01,28.4,33.6,1343,
2019-08-02,28.8,35.2,1414,
2019-08-03,28.5,34.4,1336,
2019-08-04,29.0,34.9,1448,
2019-08-05,29.0,35.7,1556,
2019-08-06,26.5,29.8,1343,7.3
2019-08-07,27.7,33.3,1440,0.0
2019-08-08,28.4,33.7,1507,
2019-08-09,28.4,34.2,1422,
2019-08-10,28.1,34.1,1226,
2019-08-11,28.0,32.5,1122,
2019-08-12,28.2,30.9,1610,0.2
2019-08-13,28.6,35.4,1448,2.2
2019-08-14,29.4,34.7,1539,0.6
2019-08-15,28.3,32.7,1529,0.3
2019-08-16,27.8,33.2,1430,
2019-08-17,26.7,32.7,1416,
2019-08-18,27.3,33.2,1358,
2019-08-19,25.7,31.9,1253,
2019-08-20,26.9,31.1,1412,0.2
2019-08-21,25.7,28.6,1359,13.3
2019-08-22,26.7,31.7,1628,29.8
2019-08-23,24.4,29.0,1401,0.0
2019-08-24,23.3,29.3,1536,
2019-08-25,22.0,26.0,1537,0.3
2019-08-26,23.9,30.5,1312,
2019-08-27,22.6,24.2,1657,10.7
2019-08-28,23.8,27.6,1528,0.3
2019-08-29,22.3,24.1,1229,0.2
2019-08-30,22.7,29.8,1418,
2019-08-31,22.4,29.5,1606,
2019-09-01,21.4,24.8,1253,2.3
2019-09-02,20.2,21.4,1626,24.9
2019-09-03,21.9,24.6,1514,95.9
2019-09-04,23.6,25.6,1634,11.5
2019-09-05,25.2,29.9,1615,7.0
2019-09-06,26.0,30.2,1550,1.8
2019-09-07,25.6,27.6,848,27.0
2019-09-08,25.1,29.1,1240,0.2
2019-09-09,26.5,31.6,1412,0.7
2019-09-10,26.2,29.8,1544,0.2
2019-09-11,25.7,30.5,1535,1.8
2019-09-12,20.3,22.0,1,0.5
2019-09-13,21.8,27.9,1547,
2019-09-14,22.4,30.1,1602,
2019-09-15,25.0,30.7,1457,
2019-09-16,23.5,29.0,1422,
2019-09-17,20.8,28.2,1455,
2019-09-18,21.1,30.3,1449,
2019-09-19,19.4,26.0,1432,
2019-09-20,19.2,25.1,1508,
2019-09-21,17.7,19.2,1132,74.5
2019-09-22,17.8,20.2,2359,99.2
2019-09-23,18.1,20.5,32,0.1
2019-09-24,18.3,25.9,1522,
2019-09-25,17.7,25.1,1318,
2019-09-26,20.5,27.9,1437,
2019-09-27,21.7,25.9,1433,3.4
2019-09-28,22.9,26.3,1606,1.2
2019-09-29,24.2,30.1,1431,
2019-09-30,23.5,27.3,1542,0.0
2019-10-01,21.5,23.6,1244,16.5
2019-10-02,21.6,24.5,2045,139.6
2019-10-03,23.4,28.0,1227,4.1
2019-10-04,21.4,27.6,1246,
2019-10-05,21.7,25.9,1452,
2019-10-06,18.3,22.7,1343,
2019-10-07,15.9,17.6,1153,7.4
2019-10-08,17.0,23.6,1503,
2019-10-09,12.8,22.6,1522,
2019-10-10,15.0,24.1,1554,
2019-10-11,18.9,27.2,1426,
2019-10-12,19.9,25.1,1413,
2019-10-13,16.7,23.1,1451,
2019-10-14,15.6,24.5,1520,
2019-10-15,14.9,18.8,1322,
2019-10-16,13.3,21.5,1507,
2019-10-17,13.5,19.3,1307,
2019-10-18,14.9,16.7,1906,9.8
2019-10-19,17.7,24.4,1512,
2019-10-20,15.7,24.0,1426,
2019-10-21,14.8,23.4,1428,
2019-10-22,15.9,23.6,1423,
2019-10-23,16.1,20.8,1310,0.0
2019-10-24,18.0,22.1,1419,
2019-10-25,17.5,24.2,1315,
2019-10-26,14.3,19.9,1341,
2019-10-27,9.8,18.3,1410,
2019-10-28,10.7,18.9,1412,
2019-10-29,11.9,20.5,1246,
2019-10-30,10.4,19.7,1511,
2019-10-31,10.8,21.4,1513,
2019-11-01,12.6,23.2,1504,
2019-11-02,12.8,20.4,1516,
2019-11-03,13.6,21.4,1414,
2019-11-04,12.6,19.0,1425,
2019-11-05,11.8,20.1,1403,
2019-11-06,10.6,20.5,1505,
2019-11-07,10.9,19.6,1351,
2019-11-08,8.4,17.8,1523,
2019-11-09,7.9,19.5,1532,
2019-11-10,9.3,17.2,1539,8.1
2019-11-11,12.7,19.5,1317,0.0
2019-11-12,9.4,17.8,1531,
2019-11-13,10.5,16.2,1516,0.0
2019-11-14,6.1,12.8,1,
2019-11-15,7.6,16.2,1453,
2019-11-16,11.1,20.0,1425,
2019-11-17,11.6,17.7,2357,0.5
2019-11-18,11.8,19.2,144,12.8
2019-11-19,4.9,9.8,1430,
2019-11-20,4.2,11.5,1516,
2019-11-21,5.2,14.5,1434,
2019-11-22,8.7,18.2,1456,
2019-11-23,10.8,19.7,1519,
2019-11-24,13.9,20.4,1513,0.1
2019-11-25,9.8,14.7,1,
2019-11-26,9.7,15.3,1322,
2019-11-27,8.2,12.3,1150,
2019-11-28,6.5,12.8,1252,
2019-11-29,3.9,14.0,1459,
2019-11-30,6.1,15.3,1450,
2019-12-01,6.8,8.3,9,26.7
2019-12-02,5.9,9.4,1311,
2019-12-03,2.1,8.2,1505,
2019-12-04,2.9,12.0,1443,
2019-12-05,2.3,9.0,1225,
2019-12-06,-1.9,5.1,1502,
2019-12-07,-0.3,9.9,1442,
2019-12-08,0.5,10.0,1504,
2019-12-09,1.2,11.0,1407,
2019-12-10,5.1,15.8,1531,
2019-12-11,7.5,17.0,1448,
2019-12-12,2.9,9.1,1532,
2019-12-13,0.5,9.5,1511,
2019-12-14,3.1,12.0,1426,
2019-12-15,4.4,13.5,1500,
2019-12-16,5.3,14.0,1359,
2019-12-17,7.3,13.0,1548,0.0
2019-12-18,7.2,14.1,1456,
2019-12-19,4.4,11.6,1416,
2019-12-20,1.9,8.6,1309,
2019-12-21,-0.8,4.5,1519,
2019-12-22,1.6,9.5,1537,
2019-12-23,2.3,12.1,1401,
2019-12-24,2.2,11.6,1507,
2019-12-25,4.2,13.8,1456,
2019-12-26,4.6,6.7,1007,1.2
2019-12-27,2.2,7.8,1505,
2019-12-28,-0.6,8.2,1522,
2019-12-29,1.4,5.4,1355,13.0
2019-12-30,6.0,11.1,1421,0.6
2019-12-31,-1.1,3.5,12,
2020-01-01,-1.6,6.9,1600,
2020-01-02,-0.3,9.0,1531,
2020-01-03,0.5,10.8,1520,
2020-01-04,0.9,10.6,1505,
2020-01-05,1.0,10.8,1451,
2020-01-06,3.1,4.6,2000,13.8
2020-01-07,9.9,17.3,2114,40.3
2020-01-08,7.4,14.3,1,
2020-01-09,3.1,9.8,1325,
2020-01-10,0.7,9.6,1540,
2020-01-11,2.9,10.2,1539,
2020-01-12,2.4,8.2,1402,
2020-01-13,-0.2,7.4,1337,
2020-01-14,0.6,6.1,1514,
2020-01-15,-0.4,7.3,1520,
2020-01-16,0.6,7.8,1445,
2020-01-17,1.9,9.6,1552,
2020-01-18,1.7,11.8,1520,
2020-01-19,1.1,10.5,1512,
2020-01-20,0.7,9.3,1438,
2020-01-21,0.6,9.3,1604,
2020-01-22,3.5,4.9,1111,20.1
2020-01-23,6.7,10.8,1504,7.9
2020-01-24,5.8,13.3,1352,
2020-01-25,6.0,10.3,1402,
2020-01-26,7.3,11.6,1403,
2020-01-27,5.9,8.5,1,22.8
2020-01-28,8.2,11.3,1405,0.3
2020-01-29,6.6,10.5,1219,0.5
2020-01-30,5.2,10.4,1335,
2020-01-31,2.3,10.2,1603,
2020-02-01,2.0,10.1,1420,
2020-02-02,2.3,10.9,1533,
2020-02-03,1.6,9.6,1337,
2020-02-04,0.3,9.2,1457,
2020-02-05,-0.1,4.8,1436,
2020-02-06,-1.6,5.3,1349,
2020-02-07,2.3,9.8,1530,
2020-02-08,2.7,8.9,1353,
2020-02-09,0.7,8.4,1416,
2020-02-10,2.6,12.6,1557,
2020-02-11,5.4,14.3,1538,
2020-02-12,8.6,11.3,1935,20.8
2020-02-13,8.3,15.9,1344,
2020-02-14,9.2,19.2,1554,
2020-02-15,10.0,16.8,1321,0.5
2020-02-16,5.0,10.3,1,4.0
2020-02-17,-0.3,2.4,1205,
2020-02-18,0.4,8.5,1547,
2020-02-19,3.1,12.2,1525,
2020-02-20,5.4,14.8,1604,
2020-02-21,7.0,15.1,1300,1.3
2020-02-22,8.3,13.0,1455,0.5
2020-02-23,3.6,11.4,1521,
2020-02-24,6.7,16.1,1428,0.6
2020-02-25,8.1,9.1,1557,17.1
2020-02-26,9.4,15.2,1540,
2020-02-27,7.3,11.0,1335,
2020-02-28,5.2,7.1,1250,1.3
2020-02-29,6.5,12.1,1649,
2020-03-01,8.9,15.3,1349,0.0
2020-03-02,7.7,13.7,1557,
2020-03-03,6.9,13.2,1419,
2020-03-04,6.2,12.0,1336,0.0
2020-03-05,3.3,11.8,1611,
2020-03-06,4.1,13.8,1428,
2020-03-07,4.5,9.6,1434,3.9
2020-03-08,7.4,17.2,1556,
2020-03-09,8.0,13.7,1321,7.4
2020-03-10,9.0,11.0,1153,10.3
2020-03-11,4.8,12.3,1513,
2020-03-12,6.0,15.6,1436,
2020-03-13,9.3,17.3,1521,
2020-03-14,7.4,11.8,1524,
2020-03-15,6.0,13.1,1221,0.0
2020-03-16,5.6,11.9,1445,
2020-03-17,9.3,18.7,1436,
2020-03-18,9.4,18.2,1507,
2020-03-19,12.1,18.5,1134,
2020-03-20,10.6,16.4,1336,
2020-03-21,12.3,20.8,1510,
2020-03-22,13.6,22.2,1416,
2020-03-23,11.6,20.3,1506,
2020-03-24,9.6,18.7,1456,
2020-03-25,11.2,19.6,1418,
2020-03-26,10.8,12.6,2334,18.6
2020-03-27,14.6,22.6,1535,0.9
2020-03-28,8.7,12.3,1441,
2020-03-29,9.0,15.9,1359,
2020-03-30,11.4,18.4,1521,
2020-03-31,11.4,20.6,1523,
2020-04-01,13.6,20.9,1607,0.4
2020-04-02,9.7,18.1,1517,
2020-04-03,10.8,19.8,1502,
2020-04-04,10.9,21.7,1401,
2020-04-05,7.5,16.7,1529,
2020-04-06,9.3,18.4,1438,
2020-04-07,13.0,22.1,1526,
2020-04-08,12.1,20.0,1419,
2020-04-09,10.2,18.2,1636,
2020-04-10,9.5,11.7,1324,0.0
2020-04-11,9.2,13.3,1327,4.2
2020-04-12,9.3,13.2,1631,4.4
2020-04-13,9.9,16.7,1618,
2020-04-14,11.8,22.8,1422,
2020-04-15,11.3,20.5,1436,
2020-04-16,11.4,20.0,1436,
2020-04-17,10.7,12.0,1735,28.9
2020-04-18,14.1,21.7,1504,
2020-04-19,10.8,14.0,1055,30.0
2020-04-20,13.6,20.0,1501,
2020-04-21,11.4,18.3,1319,
2020-04-22,8.1,14.6,1353,
2020-04-23,8.1,15.8,1517,
2020-04-24,10.4,17.8,1452,
2020-04-25,14.4,21.3,1540,
2020-04-26,13.7,20.7,1620,
2020-04-27,12.7,20.6,1433,
2020-04-28,12.4,21.9,1538,
2020-04-29,14.6,24.2,1333,
2020-04-30,16.0,23.5,1301,
2020-05-01,20.7,25.5,1353,
2020-05-02,19.2,26.3,1146,1.3
2020-05-03,16.8,18.2,1331,29.5
2020-05-04,20.8,28.2,1418,
2020-05-05,17.7,20.5,1618,
2020-05-06,19.1,28.8,1530,
2020-05-07,16.2,24.5,1447,
2020-05-08,15.7,22.6,1530,0.0
2020-05-09,17.0,19.2,1651,45.9
2020-05-10,18.1,25.4,1557,
2020-05-11,19.6,28.9,1556,
2020-05-12,19.4,24.8,1501,
2020-05-13,17.1,25.6,1548,
2020-05-14,17.2,25.9,1608,
2020-05-15,15.0,16.8,947,17.8
2020-05-16,19.4,26.2,1533,0.8
2020-05-17,19.3,24.0,1311,
2020-05-18,17.8,21.1,1356,13.6
2020-05-19,14.3,18.7,1342,0.0
2020-05-20,15.8,23.3,1342,
2020-05-21,16.1,21.2,1411,
2020-05-22,16.5,23.2,1625,
2020-05-23,17.4,25.2,1520,
2020-05-24,19.7,25.1,1202,
2020-05-25,19.4,24.9,1442,
2020-05-26,19.1,25.1,1536,
2020-05-27,19.8,27.3,1553,
2020-05-28,19.5,26.2,1353,
2020-05-29,20.2,28.3,1445,
2020-05-30,19.8,25.5,1428,
2020-05-31,19.8,26.2,1533,1.2
2020-06-01,22.1,28.9,1521,
2020-06-02,20.2,28.6,1408,0.0
2020-06-03,21.4,27.8,1400,
2020-06-04,24.2,30.9,1319,
2020-06-05,24.1,31.1,1350,
2020-06-06,22.5,30.0,1553,2.5
2020-06-07,22.6,29.0,1326,
2020-06-08,23.1,32.2,1418,
2020-06-09,24.2,33.1,1431,
2020-06-10,24.7,32.8,1247,0.4
2020-06-11,24.8,31.2,1549,3.2
2020-06-12,24.6,30.2,1409,11.2
2020-06-13,23.1,27.2,1415,39.6
2020-06-14,24.4,29.1,1720,11.6
2020-06-15,23.6,30.4,1555,
2020-06-16,23.9,31.8,1450,
2020-06-17,21.5,26.7,1314,0.5
2020-06-18,18.1,20.4,24,38.5
2020-06-19,22.3,29.2,1514,2.2
2020-06-20,22.3,28.6,1538,
2020-06-21,22.3,29.2,1428,
2020-06-22,22.9,30.0,1328,
2020-06-23,23.4,30.5,1544,
2020-06-24,22.0,24.7,1326,26.9
2020-06-25,22.9,25.2,1013,2.9
2020-06-26,24.4,30.7,1628,
2020-06-27,24.2,30.2,1520,
2020-06-28,25.8,31.4,1240,
2020-06-29,21.8,25.3,1208,92.6
2020-06-30,22.7,26.7,1323,2.1
2020-07-01,22.3,27.5,1325,
2020-07-02,21.6,27.1,1608,
2020-07-03,19.5,21.3,945,10.4
2020-07-04,21.1,25.1,1514,
2020-07-05,22.2,27.1,1510,
2020-07-06,22.0,24.0,1220,0.0
2020-07-07,24.6,30.1,1220,
2020-07-08,24.9,30.2,1317,
2020-07-09,22.6,27.3,1303,2.6
2020-07-10,23.9,28.7,1544,62.6
2020-07-11,24.7,29.7,1350,
2020-07-12,20.9,22.1,739,71.0
2020-07-13,19.3,20.2,1301,121.1
2020-07-14,20.2,23.1,1245,7.9
2020-07-15,19.5,21.7,1504,7.5
2020-07-16,22.0,28.2,1601,
2020-07-17,22.7,29.4,1535,
2020-07-18,22.1,25.7,1329,
2020-07-19,23.3,26.2,1910,6.6
2020-07-20,26.3,30.2,1546,0.7
2020-07-21,25.2,29.6,1330,8.3
2020-07-22,23.4,25.1,1112,36.1
2020-07-23,22.5,23.7,940,102.8
2020-07-24,21.1,22.7,53,9.3
2020-07-25,21.6,24.5,1328,5.2
2020-07-26,23.7,28.8,1354,
2020-07-27,22.0,25.2,1259,41.4
2020-07-28,24.4,28.9,1300,21.9
2020-07-29,24.4,27.4,1140,23.7
2020-07-30,24.6,30.8,1139,48.4
2020-07-31,26.2,31.3,1447,
2020-08-01,26.6,31.1,1159,
2020-08-02,27.4,31.4,1244,
2020-08-03,27.2,30.4,1357,
2020-08-04,27.4,31.2,1425,
2020-08-05,27.1,29.5,1229,26.6
2020-08-06,26.9,27.8,846,11.8
2020-08-07,25.4,27.3,939,90.3
2020-08-08,25.3,26.3,1046,107.5
2020-08-09,27.4,30.6,1424,1.1
2020-08-10,25.8,28.0,1051,68.9
2020-08-11,26.5,29.8,1113,21.9
2020-08-12,27.8,30.9,1433,1.8
2020-08-13,28.0,32.7,1536,
2020-08-14,28.7,32.2,1242,
2020-08-15,29.2,34.5,1510,
2020-08-16,28.4,33.3,1357,
2020-08-17,28.3,34.8,1619,
2020-08-18,28.5,35.0,1526,
2020-08-19,28.3,35.2,1411,
2020-08-20,28.4,35.7,1453,
2020-08-21,27.5,32.9,1634,
2020-08-22,26.7,30.8,1410,
2020-08-23,26.6,32.2,1400,
2020-08-24,27.1,33.2,1608,
2020-08-25,28.0,34.1,1510,0.0
2020-08-26,27.4,32.6,1105,8.3
2020-08-27,27.3,30.8,1251,14.6
2020-08-28,26.7,30.6,1502,0.8
2020-08-29,27.2,31.9,1453,0.9
2020-08-30,27.8,34.3,1439,0.0
2020-08-31,26.6,30.2,1107,2.2
2020-09-01,26.0,30.5,1306,0.0
2020-09-02,25.2,27.1,1335,49.9
2020-09-03,25.8,30.6,1451,50.5
2020-09-04,22.6,29.2,1459,
2020-09-05,19.9,22.6,1303,7.3
2020-09-06,20.3,22.7,1032,7.9
2020-09-07,22.2,24.9,1358,49.9
2020-09-08,24.3,29.1,1425,0.5
2020-09-09,22.5,27.2,1315,10.8
2020-09-10,22.9,28.9,1453,10.5
2020-09-11,21.8,26.3,1359,3.3
2020-09-12,21.2,24.5,1252,2.4
2020-09-13,20.5,23.8,1353,0.4
2020-09-14,22.1,27.7,1322,
2020-09-15,22.8,28.3,1431,
2020-09-16,21.4,23.3,1618,1.8
2020-09-17,20.6,23.7,1340,3.7
2020-09-18,18.9,23.4,1432,1.1
2020-09-19,18.6,26.5,1340,
2020-09-20,18.2,27.0,1433,
2020-09-21,17.5,24.5,1554,
2020-09-22,17.6,23.2,1504,
2020-09-23,19.1,22.6,1324,
2020-09-24,20.2,24.5,1501,0.0
2020-09-25,19.9,25.7,1503,
2020-09-26,18.9,26.0,1531,
2020-09-27,18.4,25.2,1510,
2020-09-28,17.0,24.7,1459,
2020-09-29,17.0,25.3,1434,
2020-09-30,18.9,26.0,1452,
2020-10-01,19.3,26.1,1435,
2020-10-02,19.5,25.4,1555,
2020-10-03,20.6,26.3,1536,0.0
2020-10-04,19.5,24.8,1315,0.2
2020-10-05,15.9,21.3,1434,
2020-10-06,15.1,22.8,1450,
2020-10-07,17.4,23.2,1534,
2020-10-08,18.2,22.9,1415,
2020-10-09,18.8,23.3,1353,
2020-10-10,18.3,24.0,1518,
2020-10-11,16.2,22.9,1512,
2020-10-12,17.2,24.8,1457,
2020-10-13,14.2,22.8,1327,
2020-10-14,13.4,22.1,1535,
2020-10-15,14.0,22.5,1434,
2020-10-16,12.1,17.1,1533,0.0
2020-10-17,14.2,22.4,1522,
2020-10-18,13.6,22.1,1506,
2020-10-19,12.8,22.2,1403,
2020-10-20,12.8,23.2,1457,
2020-10-21,13.4,18.6,1314,27.6
2020-10-22,14.8,18.7,1438,0.8
2020-10-23,11.1,18.0,1434,
2020-10-24,9.4,18.6,1449,
2020-10-25,10.8,21.2,1506,
2020-10-26,11.4,21.3,1530,
2020-10-27,11.7,21.8,1526,
2020-10-28,12.7,20.4,1427,0.0
2020-10-29,10.5,19.6,1400,
2020-10-30,10.7,20.2,1516,
2020-10-31,9.9,18.6,1456,
2020-11-01,11.7,14.2,1350,0.4
2020-11-02,11.8,18.6,1457,1.9
2020-11-03,7.3,13.3,1303,
2020-11-04,5.3,15.3,1518,
2020-11-05,7.5,15.8,1457,
2020-11-06,11.0,14.6,1539,0.0
2020-11-07,12.8,22.2,1533,
2020-11-08,10.2,19.5,1410,
2020-11-09,8.0,14.6,1518,
2020-11-10,7.8,16.7,1516,
2020-11-11,6.4,16.5,1447,
2020-11-12,7.5,18.8,1509,
2020-11-13,8.4,20.2,1439,
2020-11-14,9.8,19.5,1404,
2020-11-15,10.3,19.5,1518,
2020-11-16,11.3,21.6,1404,
2020-11-17,15.1,19.3,1237,0.0
2020-11-18,18.2,23.6,1408,1.9
2020-11-19,19.3,23.6,1425,20.4
2020-11-20,9.7,14.0,1242,
2020-11-21,8.9,15.3,1445,
2020-11-22,9.6,12.1,1434,1.0
2020-11-23,6.0,12.4,1444,
2020-11-24,5.7,13.6,1445,
2020-11-25,7.0,15.6,1504,
2020-11-26,7.6,13.8,1409,
2020-11-27,7.2,13.8,1308,
2020-11-28,3.9,9.0,1420,
2020-11-29,3.3,10.8,1442,
2020-11-30,4.1,10.8,1440,
2020-12-01,2.2,10.8,1402,
2020-12-02,3.0,10.9,1524,
2020-12-03,3.7,10.8,1425,
2020-12-04,2.1,9.5,1504,
2020-12-05,2.3,11.5,1513,
2020-12-06,2.4,11.7,1515,
2020-12-07,2.9,10.8,1515,
2020-12-08,2.3,9.0,1503,
2020-12-09,0.8,10.8,1514,
2020-12-10,3.2,10.6,1521,
2020-12-11,4.8,13.4,1427,
2020-12-12,4.9,11.1,1317,
2020-12-13,3.6,11.8,1454,0.0
2020-12-14,-1.1,1.9,1400,
2020-12-15,-2.6,2.1,1540,
2020-12-16,-2.7,3.1,1411,
2020-12-17,-2.2,6.1,1526,
2020-12-18,0.2,8.8,1518,
2020-12-19,0.4,4.9,1414,
2020-12-20,0.2,7.3,1452,
2020-12-21,-1.3,7.7,1515,
2020-12-22,-0.7,8.6,1454,
2020-12-23,0.4,9.0,1546,
2020-12-24,4.3,12.8,1427,
2020-12-25,1.7,7.9,1420,
2020-12-26,1.0,9.7,1440,
2020-12-27,3.2,7.1,1223,5.3
2020-12-28,3.1,11.3,1555,
2020-12-29,3.9,12.0,1345,3.8
2020-12-30,-3.2,1.2,8,0.1
2020-12-31,-2.5,3.4,1532,
2021-01-01,-1.9,4.5,1349,
2021-01-02,-0.4,5.6,1405,
2021-01-03,0.1,5.7,1455,
2021-01-04,-1.5,7.2,1436,
2021-01-05,-0.4,6.9,1147,
2021-01-06,-2.3,2.2,1441,
2021-01-07,-6.9,-1.3,147,
2021-01-08,-9.1,-1.9,1500,
2021-01-09,-7.0,0.5,1441,
2021-01-10,-5.6,1.9,1427,
2021-01-11,-3.3,1.3,1502,
2021-01-12,-1.9,5.4,1512,
2021-01-13,3.4,11.8,1516,
2021-01-14,3.3,13.0,1428,
2021-01-15,7.5,15.6,1538,
2021-01-16,2.4,8.5,1417,
2021-01-17,-1.6,3.0,1501,
2021-01-18,-0.8,5.1,1706,0.2
2021-01-19,-1.9,5.6,1525,
2021-01-20,-0.4,10.6,1529,
2021-01-21,5.2,12.6,1503,1.7
2021-01-22,7.0,9.8,1343,1.2
2021-01-23,8.9,11.6,1426,1.4
2021-01-24,8.0,11.6,1310,0.0
2021-01-25,6.3,14.3,1542,
2021-01-26,4.7,7.4,1648,10.3
2021-01-27,4.1,11.4,1456,
2021-01-28,1.4,10.7,1225,
2021-01-29,-2.3,3.0,1502,
2021-01-30,-0.3,9.1,1456,
2021-01-31,3.1,12.2,1433,1.0
2021-02-01,7.5,10.6,1111,16.0
2021-02-02,0.4,7.5,13,
2021-02-03,-1.6,5.1,1548,
2021-02-04,2.4,10.0,1609,
2021-02-05,1.2,8.0,1453,
2021-02-06,4.1,15.0,1540,
2021-02-07,6.4,15.0,1442,
2021-02-08,2.2,6.6,1306,
2021-02-09,-0.2,9.1,1523,
2021-02-10,1.9,13.0,1535,
2021-02-11,4.0,11.6,1554,
2021-02-12,5.9,16.1,1616,
2021-02-13,7.0,19.9,1547,
2021-02-14,8.8,15.2,1432,3.7
2021-02-15,6.0,12.5,1140,0.0
2021-02-16,0.7,8.1,1533,0.0
2021-02-17,-3.0,0.2,1251,
2021-02-18,-2.5,2.7,1545,
2021-02-19,3.1,13.2,1528,
2021-02-20,12.4,19.9,1501,
2021-02-21,13.7,23.3,1426,
2021-02-22,14.3,21.8,1513,
2021-02-23,6.9,14.3,1505,
2021-02-24,3.6,11.6,1514,
2021-02-25,4.3,8.3,1516,2.6
2021-02-26,8.7,13.9,1448,2.4
2021-02-27,7.4,12.5,1515,
2021-02-28,7.4,11.8,1141,0.2
2021-03-01,11.1,16.0,1722,38.6
2021-03-02,5.2,10.8,1,1.9
2021-03-03,3.8,11.1,1504,
2021-03-04,5.2,8.5,1255,7.5
2021-03-05,10.6,20.0,1537,
2021-03-06,7.6,15.8,1203,
2021-03-07,6.4,11.8,1548,
2021-03-08,7.3,15.6,1522,
2021-03-09,9.2,15.3,1532,
2021-03-10,8.4,18.1,1536,
2021-03-11,9.4,17.6,1550,0.7
2021-03-12,9.0,10.5,1612,25.2
2021-03-13,8.7,16.9,1501,
2021-03-14,9.2,17.8,1534,
2021-03-15,10.5,17.3,1502,0.3
2021-03-16,13.9,22.2,1449,1.8
2021-03-17,9.2,19.2,1532,
2021-03-18,10.8,19.4,1610,
2021-03-19,12.3,19.6,1541,
2021-03-20,9.7,11.8,1655,12.8
2021-03-21,9.1,13.6,1138,
2021-03-22,7.3,12.7,1506,
2021-03-23,9.1,18.6,1557,
2021-03-24,9.9,17.5,1436,
2021-03-25,12.1,21.8,1457,
2021-03-26,12.4,23.8,1454,
2021-03-27,11.4,16.2,1919,68.4
2021-03-28,16.0,20.4,1521,2.0
2021-03-29,13.6,20.2,1519,
2021-03-30,12.2,22.0,1556,
2021-03-31,12.1,22.2,1422,
2021-04-01,14.0,21.4,1254,
2021-04-02,17.2,22.4,1341,0.0
2021-04-03,,17.3,12,35.6
2021-04-04,12.4,16.5,207,7.9
2021-04-05,10.5,17.8,1509,
2021-04-06,11.3,21.1,1711,
2021-04-07,13.3,22.7,1438,
2021-04-08,12.9,21.8,1404,
2021-04-09,10.5,19.2,1356,
2021-04-10,10.0,18.5,1504,
2021-04-11,11.5,21.0,1343,
2021-04-12,11.5,15.0,2228,35.5
2021-04-13,14.4,20.6,1206,2.2
2021-04-14,10.4,17.8,1532,
2021-04-15,9.6,18.0,1506,
2021-04-16,12.8,20.3,1348,
2021-04-17,12.7,19.8,1237,
2021-04-18,10.7,18.8,1555,
2021-04-19,13.2,23.9,1545,
2021-04-20,14.8,26.6,1513,
2021-04-21,17.1,27.2,1401,
2021-04-22,17.6,24.8,1402,
2021-04-23,18.0,23.8,1519,
2021-04-24,16.4,24.8,1432,
2021-04-25,15.9,23.3,1349,
2021-04-26,12.7,20.8,1448,
2021-04-27,13.3,18.7,1543,
2021-04-28,16.7,24.0,1430,
2021-04-29,17.7,24.1,1408,0.0
2021-04-30,16.4,21.1,1428,1.0
2021-05-01,10.6,15.2,1229,10.2
2021-05-02,11.6,19.4,1629,
2021-05-03,13.9,21.5,1330,
2021-05-04,16.2,19.4,1308,50.5
2021-05-05,16.8,23.7,1159,
2021-05-06,13.8,21.5,1152,
2021-05-07,16.4,25.0,1459,
2021-05-08,15.6,23.1,1504,
2021-05-09,17.0,25.7,1534,
2021-05-10,16.2,21.2,1424,0.0
2021-05-11,16.7,19.5,1737,
2021-05-12,19.5,26.0,1358,
2021-05-13,21.0,29.3,1440,
2021-05-14,21.3,28.6,1416,
2021-05-15,19.8,22.1,1722,11.7
2021-05-16,20.9,22.3,1423,16.8
2021-05-17,18.5,21.3,832,1.3
2021-05-18,17.8,23.7,1650,2.2
2021-05-19,20.8,29.1,1432,
2021-05-20,15.9,16.7,3,21.8
2021-05-21,17.8,22.0,1453,
2021-05-22,19.0,27.1,1541,
2021-05-23,21.1,29.0,1421,0.0
2021-05-24,21.2,26.0,1501,0.7
2021-05-25,17.7,25.2,1417,0.0
2021-05-26,16.8,23.2,1225,0.0
2021-05-27,17.5,24.8,1538,1.1
2021-05-28,17.5,24.3,1340,0.0
2021-05-29,18.4,25.6,1420,
2021-05-30,19.2,27.0,1343,
2021-05-31,20.2,28.0,1440,0.6
2021-06-01,20.7,28.7,1505,
2021-06-02,20.9,28.7,1328,
2021-06-03,18.4,19.7,1643,21.0
2021-06-04,20.6,26.5,1405,1.6
2021-06-05,19.8,26.4,1345,
2021-06-06,21.7,27.2,1356,
2021-06-07,22.0,28.7,1426,
2021-06-08,23.5,31.0,1400,
2021-06-09,23.6,31.3,1418,
2021-06-10,22.4,26.8,1051,0.0
2021-06-11,21.3,23.5,1522,33.1
2021-06-12,23.6,27.9,1718,
2021-06-13,24.3,29.8,1341,
2021-06-14,23.1,27.7,1544,
2021-06-15,20.9,23.0,1106,27.5
2021-06-16,21.2,24.2,1212,2.4
2021-06-17,21.5,25.1,1335,2.3
2021-06-18,20.8,24.2,1400,4.9
2021-06-19,23.3,30.3,1501,
2021-06-20,23.3,29.5,1539,
2021-06-21,23.9,32.0,1611,
2021-06-22,21.3,27.3,1400,8.0
2021-06-23,21.1,25.5,1304,0.1
2021-06-24,21.8,26.9,1451,
2021-06-25,22.3,28.5,1331,
2021-06-26,22.2,28.0,1638,0.7
2021-06-27,23.0,29.3,1616,
2021-06-28,24.5,30.1,1414,0.0
2021-06-29,23.8,28.7,1338,0.1
2021-06-30,23.8,29.5,1619,
2021-07-01,24.9,31.8,1515,
2021-07-02,25.1,30.7,1420,
2021-07-03,22.6,24.8,915,58.7
2021-07-04,25.6,29.6,1224,20.2
2021-07-05,21.8,22.8,225,39.6
2021-07-06,23.2,24.5,538,142.7
2021-07-07,24.9,28.4,936,65.3
2021-07-08,25.6,29.3,1521,4.8
2021-07-09,26.1,29.6,1305,9.0
2021-07-10,26.0,29.6,1331,
2021-07-11,27.1,31.2,1555,
2021-07-12,27.6,32.7,1413,
2021-07-13,27.5,31.8,1357,
2021-07-14,27.8,32.3,1422,
2021-07-15,26.8,31.2,1147,
2021-07-16,24.7,32.5,1312,16.2
2021-07-17,25.2,30.5,1444,0.2
2021-07-18,26.0,31.5,1526,
2021-07-19,26.2,29.9,1234,1.1
2021-07-20,26.9,31.2,1352,0.0
2021-07-21,27.0,33.1,1614,
2021-07-22,26.7,32.7,1449,
2021-07-23,26.9,32.3,1407,
2021-07-24,27.3,33.4,1534,
2021-07-25,26.8,32.2,1527,
2021-07-26,26.4,33.1,1343,
2021-07-27,26.9,33.4,1422,
2021-07-28,27.8,34.0,1434,
2021-07-29,27.7,33.3,1402,
2021-07-30,27.4,33.2,1336,
2021-07-31,28.9,33.5,1433,1.5
2021-08-01,28.9,34.4,1330,
2021-08-02,28.3,32.5,1300,
2021-08-03,27.7,32.7,1327,
2021-08-04,28.6,35.3,1434,
2021-08-05,29.0,36.4,1446,
2021-08-06,29.1,36.9,1425,
2021-08-07,29.1,37.5,1458,78.8
2021-08-08,25.4,28.6,1136,0.5
2021-08-09,27.8,33.9,1522,0.0
2021-08-10,26.3,31.2,1458,0.0
2021-08-11,25.5,30.7,1404,
2021-08-12,25.6,30.8,1535,0.5
2021-08-13,25.3,28.8,1515,0.5
2021-08-14,23.3,27.6,1646,11.2
2021-08-15,25.0,30.2,1606,
2021-08-16,24.6,30.2,1435,0.0
2021-08-17,24.5,28.6,1232,0.0
2021-08-18,24.5,28.7,1525,
2021-08-19,24.5,30.9,1548,12.0
2021-08-20,24.2,30.0,1409,0.3
2021-08-21,23.1,24.7,1115,72.7
2021-08-22,25.6,30.8,1534,
2021-08-23,23.3,24.8,19,102.3
2021-08-24,26.0,29.2,1713,20.7
2021-08-25,25.0,26.4,1745,8.1
2021-08-26,26.1,31.3,1437,
2021-08-27,25.4,31.4,1309,1.0
2021-08-28,26.0,31.5,1438,0.0
2021-08-29,25.6,30.8,1231,9.9
2021-08-30,26.5,31.0,1432,1.7
2021-08-31,26.2,31.5,1408,
2021-09-01,25.8,29.5,1348,0.4
2021-09-02,21.8,24.2,1218,5.1
2021-09-03,20.6,22.4,1355,0.6
2021-09-04,22.5,27.0,1358,
2021-09-05,21.4,24.8,1011,0.5
2021-09-06,21.1,23.5,1053,3.2
2021-09-07,21.7,24.6,1703,0.5
2021-09-08,23.6,29.6,1511,
2021-09-09,22.4,28.3,1501,
2021-09-10,21.2,24.7,1618,1.0
2021-09-11,23.2,30.0,1535,
2021-09-12,23.2,29.8,1543,
2021-09-13,22.9,26.7,1350,
2021-09-14,21.5,22.7,1453,4.2
2021-09-15,23.4,28.5,1511,
2021-09-16,20.8,23.7,1008,1.6
2021-09-17,20.8,23.8,1534,14.0
2021-09-18,22.0,28.1,1510,
2021-09-19,21.4,28.2,1503,
2021-09-20,21.8,27.1,1513,0.0
2021-09-21,23.3,26.1,1629,8.0
2021-09-22,21.9,27.1,1128,1.8
2021-09-23,20.4,28.1,1500,
2021-09-24,19.9,27.3,1426,
2021-09-25,20.6,26.7,1228,0.0
2021-09-26,21.5,26.0,1444,
2021-09-27,21.6,26.1,1526,
2021-09-28,21.7,25.2,1259,0.2
2021-09-29,22.2,26.1,1327,51.4
2021-09-30,21.7,27.4,1457,29.9
2021-10-01,20.8,28.6,1540,
2021-10-02,21.5,29.0,1454,
2021-10-03,20.6,28.9,1432,
2021-10-04,23.0,29.3,1352,
2021-10-05,23.1,29.4,1328,
2021-10-06,22.3,28.7,1419,
2021-10-07,22.3,27.7,1412,
2021-10-08,22.5,27.8,1426,0.0
2021-10-09,22.5,29.0,1426,
2021-10-10,23.2,29.3,1418,13.2
2021-10-11,18.6,22.8,319,19.8
2021-10-12,16.3,16.7,1,6.7
2021-10-13,18.9,22.5,1353,
2021-10-14,19.7,26.2,1520,
2021-10-15,19.2,24.6,1315,0.4
2021-10-16,14.6,18.2,1,6.1
2021-10-17,8.0,15.8,1507,
2021-10-18,8.6,18.0,1515,
2021-10-19,11.6,20.0,1340,
2021-10-20,9.6,17.3,1415,
2021-10-21,11.0,18.1,1455,
2021-10-22,10.7,18.0,1420,
2021-10-23,10.3,19.9,1453,
2021-10-24,11.1,19.8,1338,
2021-10-25,11.6,20.8,1507,
2021-10-26,10.9,20.6,1550,
2021-10-27,12.3,21.8,1442,
2021-10-28,11.3,21.6,1349,
2021-10-29,11.8,20.1,1457,
2021-10-30,11.9,19.0,1440,
2021-10-31,12.1,21.4,1505,
2021-11-01,12.2,21.5,1347,
2021-11-02,10.5,19.1,1444,
2021-11-03,10.3,20.1,1507,
2021-11-04,11.0,20.5,1501,
2021-11-05,10.7,19.2,1350,
2021-11-06,11.9,20.9,1524,
2021-11-07,13.2,21.6,1351,
2021-11-08,9.2,14.8,1017,29.5
2021-11-09,7.5,13.1,1156,
2021-11-10,9.1,12.3,1446,0.0
2021-11-11,8.5,14.3,1225,
2021-11-12,5.9,11.7,1140,
2021-11-13,6.7,15.5,1528,
2021-11-14,8.1,18.2,1353,
2021-11-15,8.2,17.8,1409,
2021-11-16,8.3,17.6,1508,
2021-11-17,7.2,16.6,1456,
2021-11-18,7.9,17.4,1524,
2021-11-19,8.5,19.5,1537,
2021-11-20,8.8,18.7,1437,
2021-11-21,10.3,16.8,1321,
2021-11-22,8.2,14.6,317,0.0
2021-11-23,4.4,8.8,1325,
2021-11-24,8.7,13.3,1330,0.0
2021-11-25,9.2,16.8,1432,
2021-11-26,5.4,14.3,1510,
2021-11-27,3.4,12.8,1535,
2021-11-28,4.3,15.2,1449,
2021-11-29,6.0,15.9,1455,
2021-11-30,7.1,12.6,1540,14.8
2021-12-01,3.5,6.8,1253,
2021-12-02,1.4,9.0,1558,
2021-12-03,6.3,11.1,1215,
2021-12-04,3.5,10.8,1403,
2021-12-05,3.6,11.0,1347,
2021-12-06,6.6,15.3,1517,
2021-12-07,6.6,15.6,1425,
2021-12-08,4.9,14.1,1505,
2021-12-09,5.6,13.4,1400,
2021-12-10,6.6,16.0,1509,
2021-12-11,6.8,14.5,1507,
2021-12-12,6.0,12.6,1358,
2021-12-13,0.4,8.2,1448,
2021-12-14,-0.2,8.8,1510,
2021-12-15,3.8,13.5,1455,
2021-12-16,5.1,10.3,1555,1.9
2021-12-17,1.3,5.4,17,
2021-12-18,-2.5,3.6,1507,
2021-12-19,0.7,7.5,1434,
2021-12-20,4.6,12.8,1443,
2021-12-21,4.6,15.6,1505,
2021-12-22,2.7,13.8,1517,
2021-12-23,1.7,12.3,1505,
2021-12-24,2.4,9.6,1523,
2021-12-25,-2.7,3.2,1,
2021-12-26,-4.8,-0.2,1601,
2021-12-27,-3.1,4.5,1525,
2021-12-28,-0.1,8.4,1420,
2021-12-29,2.4,10.2,1357,
2021-12-30,1.4,6.6,1349,
2021-12-31,-0.2,4.4,1403,
